,date,home_team,away_team,home_score,away_score,country,neutral,impt,home_ranking,home_total_points,home_prev_points,home_rank_change,home_cur_year_avg_weighted,home_last_year_avg_weighted,home_2_year_avg_weighted,home_3_year_avg_weighted,away_ranking,away_total_points,away_prev_points,away_rank_change,away_cur_year_avg_weighted,away_last_year_avg_weighted,away_2_year_avg_weighted,away_3_year_avg_weighted,diff_in_ranking,home_mean_weighted_over_years,away_mean_weighted_over_years,diff_in_mean_weighted_over_years,Result
0,2011-09,Poland,Mexico,1,1,2,0,0,65.0,495.53,498.0,0.0,265.17,69.3,103.32,57.74,20.0,866.38,864.0,0.0,485.18,166.5,142.41,72.29,45.0,123.88250000000001,216.595,-92.71249999999999,1
1,2011-09,Argentina,Nigeria,3,1,0,1,0,10.0,1024.16,1017.0,-1.0,369.67,422.6,136.81,95.08,43.0,613.45,659.0,-5.0,237.32,203.51,90.37,82.25,-33.0,256.03999999999996,153.3625,102.67749999999995,2
2,2011-09,Poland,Germany,2,2,2,0,0,65.0,495.53,498.0,0.0,265.17,69.3,103.32,57.74,3.0,1289.99,1330.0,0.0,557.21,460.73,148.2,123.85,62.0,123.88250000000001,322.4975,-198.615,1
3,2011-09,Saudi Arabia,Australia,1,3,2,0,1,97.0,359.41,372.0,-10.0,138.11,100.13,61.61,59.56,19.0,881.63,837.0,3.0,422.74,225.9,148.18,84.81,78.0,89.8525,220.40749999999997,-130.55499999999995,0
4,2011-09,Argentina,Brazil,0,0,2,0,0,10.0,1024.16,1017.0,-1.0,369.67,422.6,136.81,95.08,7.0,1131.52,1156.0,-1.0,377.18,331.71,313.65,108.98,3.0,256.03999999999996,282.88,-26.840000000000032,1
5,2011-09,Brazil,Argentina,2,0,2,0,0,7.0,1131.52,1156.0,-1.0,377.18,331.71,313.65,108.98,10.0,1024.16,1017.0,-1.0,369.67,422.6,136.81,95.08,-3.0,282.88,256.03999999999996,26.840000000000032,2
6,2011-10,Costa Rica,Brazil,0,1,2,0,0,62.0,522.07,549.0,-5.0,262.14,55.32,141.31,63.3,5.0,1144.32,1132.0,2.0,389.36,353.09,294.36,107.51,57.0,130.51749999999998,286.08,-155.5625,0
7,2011-10,South Korea,Poland,2,2,2,0,0,29.0,774.66,749.0,0.0,455.68,153.24,111.69,54.05,64.0,516.66,496.0,1.0,298.35,79.98,70.09,68.24,-35.0,193.66500000000002,129.16500000000002,64.5,1
8,2011-10,Portugal,Iceland,5,3,2,0,1,8.0,1043.96,1158.0,-3.0,491.17,312.79,148.96,91.04,108.0,299.71,316.0,-2.0,171.79,41.36,44.01,42.55,-100.0,260.99,74.9275,186.0625,2
9,2011-10,Denmark,Portugal,2,1,2,0,1,10.0,1030.47,893.0,7.0,614.78,194.88,140.13,80.68,8.0,1043.96,1158.0,-3.0,491.17,312.79,148.96,91.04,2.0,257.6175,260.99,-3.3725000000000023,2
10,2011-10,Germany,Belgium,3,1,2,0,1,3.0,1352.38,1290.0,0.0,610.96,463.53,129.86,148.03,37.0,669.59,729.0,-3.0,429.25,133.1,54.18,53.06,-34.0,338.09499999999997,167.39749999999998,170.6975,2
11,2011-10,Mexico,Brazil,1,2,2,0,0,22.0,859.94,866.0,-2.0,477.87,160.84,153.02,68.21,5.0,1144.32,1132.0,2.0,389.36,353.09,294.36,107.51,17.0,214.985,286.08,-71.09499999999997,0
12,2011-11,Denmark,Sweden,2,0,2,0,0,11.0,1035.14,1030.0,-1.0,628.8,191.33,145.53,69.48,18.0,891.16,955.0,-4.0,537.78,184.63,104.49,64.26,-7.0,258.78499999999997,222.79,35.994999999999976,2
13,2011-11,Mexico,Serbia,2,0,2,0,0,20.0,866.49,860.0,2.0,478.99,160.84,161.36,65.3,27.0,774.64,854.0,-4.0,359.7,189.8,152.26,72.88,-7.0,216.6225,193.66,22.962500000000006,2
14,2011-11,Panama,Costa Rica,2,0,2,0,0,51.0,585.45,579.0,2.0,340.41,130.36,79.61,35.07,64.0,502.76,522.0,-2.0,253.24,46.02,132.44,71.06,-13.0,146.3625,125.69,20.672500000000014,2
15,2011-11,England,Spain,1,0,2,0,0,5.0,1173.37,1101.0,2.0,565.29,342.79,155.75,109.54,1.0,1563.83,1624.0,0.0,610.39,522.15,234.83,196.46,4.0,293.3425,390.9575,-97.61500000000001,2
16,2011-11,Brazil,Egypt,2,0,0,1,0,6.0,1142.6,1144.0,-1.0,417.86,344.79,283.06,96.89,31.0,757.24,775.0,-2.0,201.12,336.19,113.25,106.68,-25.0,285.65000000000003,189.31,96.34000000000003,2
17,2011-11,Colombia,Argentina,1,2,2,0,1,36.0,709.19,757.0,-5.0,446.83,92.24,135.8,34.32,10.0,1067.03,1030.0,0.0,425.62,413.85,142.61,84.95,26.0,177.29749999999999,266.7575,-89.46000000000001,0
18,2011-11,Costa Rica,Spain,2,2,2,0,0,64.0,502.76,522.0,-2.0,253.24,46.02,132.44,71.06,1.0,1563.83,1624.0,0.0,610.39,522.15,234.83,196.46,63.0,125.69,390.9575,-265.2675,1
19,2011-11,England,Sweden,1,0,2,0,0,5.0,1173.37,1101.0,2.0,565.29,342.79,155.75,109.54,18.0,891.16,955.0,-4.0,537.78,184.63,104.49,64.26,-13.0,293.3425,222.79,70.55249999999998,2
20,2011-11,France,Belgium,0,0,2,0,0,15.0,914.52,953.0,0.0,486.32,178.51,176.79,72.9,41.0,646.84,670.0,-4.0,395.59,139.04,66.45,45.76,-26.0,228.62999999999997,161.71,66.91999999999996,1
21,2012-01,Morocco,Tunisia,1,2,0,1,1,61.0,523.15,524.0,0.0,312.5,97.04,50.48,63.13,59.0,541.1,537.0,0.0,237.6,148.56,92.84,62.1,2.0,130.78750000000002,135.275,-4.487499999999983,0
22,2012-02,Japan,Iceland,3,1,2,0,0,30.0,761.72,869.0,-11.0,296.28,299.03,96.76,69.65,103.0,329.83,325.0,1.0,200.42,42.23,37.02,50.16,-73.0,190.42999999999998,82.45749999999998,107.9725,2
23,2012-02,Australia,Saudi Arabia,4,2,2,0,1,22.0,832.32,866.0,-1.0,387.18,214.15,145.85,85.14,89.0,406.95,403.0,-2.0,208.12,66.32,83.9,48.61,-67.0,208.08,101.73750000000001,106.3425,2
24,2012-02,Croatia,Sweden,1,3,2,0,0,9.0,1101.13,1091.0,-1.0,574.15,266.63,137.65,122.7,18.0,924.28,891.0,-1.0,561.18,191.47,103.27,68.36,-9.0,275.28249999999997,231.07,44.21249999999998,0
25,2012-02,Denmark,Russia,0,2,2,0,0,10.0,1089.61,1032.0,1.0,698.67,184.85,140.52,65.57,13.0,988.84,971.0,0.0,515.62,201.13,139.8,132.29,-3.0,272.4025,247.20999999999998,25.192499999999995,0
26,2012-02,Germany,France,1,2,2,0,0,2.0,1369.04,1345.0,1.0,642.96,442.9,147.87,135.31,17.0,930.36,915.0,-2.0,477.84,186.76,192.86,72.9,-15.0,342.26,232.58999999999997,109.67000000000002,0
27,2012-02,Mexico,Colombia,0,2,0,1,0,21.0,881.52,866.0,0.0,479.14,163.79,179.29,59.3,32.0,746.44,709.0,3.0,487.45,81.99,141.56,35.44,-11.0,220.37999999999997,186.61,33.76999999999995,0
28,2012-02,Poland,Portugal,0,0,2,0,0,70.0,469.98,494.0,-2.0,249.42,111.39,51.42,57.75,6.0,1155.17,1100.0,1.0,623.39,244.71,202.22,84.85,64.0,117.495,288.79249999999996,-171.29749999999996,1
29,2012-02,Switzerland,Argentina,1,3,2,0,0,16.0,950.04,898.0,0.0,497.5,185.93,171.19,95.42,11.0,1080.56,1067.0,-1.0,418.1,438.49,136.75,87.22,5.0,237.51000000000002,270.14,-32.62999999999997,0
30,2012-02,Tunisia,Peru,1,1,2,0,0,56.0,573.12,541.0,3.0,285.98,135.36,99.75,52.03,33.0,742.94,712.0,1.0,478.35,131.19,91.78,41.62,23.0,143.28,185.73499999999999,-42.454999999999984,1
31,2012-04,Egypt,Nigeria,3,2,0,1,0,55.0,565.98,530.0,9.0,228.04,89.66,181.59,66.69,60.0,554.38,557.0,-3.0,211.37,93.33,160.66,89.02,-5.0,141.495,138.595,2.9000000000000057,2
32,2012-05,Peru,Nigeria,1,0,2,0,0,36.0,691.03,719.0,-2.0,417.49,123.23,118.01,32.3,63.0,536.77,554.0,-3.0,193.76,93.33,160.66,89.02,-27.0,172.7575,134.1925,38.565,2
33,2012-05,Morocco,Senegal,0,1,2,0,0,60.0,547.52,548.0,2.0,334.37,103.23,51.47,58.45,77.0,448.17,448.0,0.0,176.9,180.84,53.06,37.37,-17.0,136.88000000000002,112.0425,24.83750000000002,0
34,2012-05,Russia,Uruguay,1,1,2,0,0,11.0,1048.82,1049.0,0.0,587.38,194.77,131.4,135.27,3.0,1308.8,1309.0,0.0,751.22,314.71,139.84,103.03,8.0,262.205,327.2,-64.995,1
35,2012-05,Denmark,Brazil,1,3,0,1,0,10.0,1068.61,1069.0,-1.0,660.19,207.59,119.6,81.23,6.0,1165.19,1165.0,0.0,451.92,317.19,292.75,103.33,4.0,267.15250000000003,291.2975,-24.144999999999982,0
36,2012-05,Spain,Serbia,2,0,0,1,0,1.0,1442.34,1442.0,0.0,497.42,525.96,207.69,211.27,32.0,725.17,725.0,0.0,266.13,214.79,161.57,82.68,-31.0,360.58500000000004,181.29250000000002,179.29250000000002,2
37,2012-05,Switzerland,Germany,5,3,2,0,0,18.0,890.87,891.0,0.0,449.69,200.65,130.07,110.46,2.0,1344.62,1345.0,0.0,655.05,433.01,118.8,137.76,16.0,222.71750000000003,336.155,-113.43749999999994,2
38,2012-05,France,Iceland,3,2,2,0,0,16.0,938.33,938.0,0.0,501.24,201.46,145.55,90.08,131.0,254.57,255.0,0.0,132.86,34.39,48.68,38.64,-115.0,234.5825,63.6425,170.94,2
39,2012-05,Spain,South Korea,4,1,0,1,0,1.0,1442.34,1442.0,0.0,497.42,525.96,207.69,211.27,31.0,745.87,746.0,0.0,368.81,221.08,88.14,67.84,-30.0,360.58500000000004,186.4675,174.11750000000004,2
40,2012-05,Sweden,Iceland,3,2,2,0,0,17.0,931.43,931.0,0.0,536.22,215.24,109.84,70.13,131.0,254.57,255.0,0.0,132.86,34.39,48.68,38.64,-114.0,232.85750000000002,63.6425,169.21500000000003,2
41,2012-05,France,Serbia,2,0,2,0,0,16.0,938.33,938.0,0.0,501.24,201.46,145.55,90.08,32.0,725.17,725.0,0.0,266.13,214.79,161.57,82.68,-16.0,234.5825,181.29250000000002,53.28999999999999,2
42,2012-06,Denmark,Australia,2,0,2,0,0,9.0,1019.45,1069.0,1.0,572.32,253.98,82.79,110.36,24.0,819.63,862.0,-3.0,368.16,231.65,137.18,82.64,-15.0,254.8625,204.9075,49.95500000000001,2
43,2012-06,England,Belgium,1,0,2,0,0,6.0,1144.64,1132.0,1.0,541.13,328.3,144.32,130.89,54.0,563.61,604.0,-10.0,234.3,190.15,94.67,44.49,-48.0,286.15999999999997,140.9025,145.25749999999996,2
44,2012-06,Mexico,Brazil,2,0,0,1,0,19.0,889.43,867.0,1.0,476.58,205.51,143.36,63.98,5.0,1154.52,1165.0,1.0,449.0,315.3,270.79,119.43,14.0,222.3575,288.63,-66.27250000000001,2
45,2012-06,Peru,Colombia,0,1,2,0,1,37.0,688.1,691.0,-1.0,420.06,114.79,118.01,35.24,20.0,880.02,812.0,3.0,603.97,98.06,128.87,49.12,17.0,172.025,220.005,-47.97999999999999,0
46,2012-06,Sweden,Serbia,2,1,2,0,0,17.0,909.92,931.0,0.0,477.31,242.16,120.71,69.74,34.0,724.91,725.0,-2.0,266.13,223.06,123.17,112.55,-17.0,227.48000000000002,181.2275,46.252500000000026,2
47,2012-06,Brazil,Argentina,3,4,0,1,0,5.0,1154.52,1165.0,1.0,449.0,315.3,270.79,119.43,7.0,1137.07,1076.0,2.0,582.81,339.11,118.41,96.74,-2.0,288.63,284.2675,4.362500000000011,0
48,2012-06,Germany,Portugal,1,0,0,1,1,3.0,1288.3,1345.0,-1.0,555.23,470.9,128.35,133.82,10.0,995.51,1190.0,-5.0,430.33,276.79,191.81,96.58,-7.0,322.075,248.87750000000003,73.19749999999996,2
49,2012-06,Uruguay,Peru,4,2,2,0,1,2.0,1292.35,1309.0,1.0,740.62,296.25,155.35,100.13,37.0,688.1,691.0,-1.0,420.06,114.79,118.01,35.24,-35.0,323.0875,172.025,151.06249999999997,2
50,2012-06,France,England,1,1,0,1,1,14.0,963.75,938.0,2.0,516.79,226.01,132.7,88.25,6.0,1144.64,1132.0,1.0,541.13,328.3,144.32,130.89,8.0,240.9375,286.15999999999997,-45.22249999999997,1
51,2012-06,Australia,Japan,1,1,2,0,1,24.0,819.63,862.0,-3.0,368.16,231.65,137.18,82.64,23.0,821.92,753.0,7.0,312.65,354.18,66.2,88.89,1.0,204.9075,205.48,-0.5724999999999909,1
52,2012-06,Poland,Russia,1,1,2,0,1,62.0,518.24,514.0,3.0,289.68,108.77,61.45,58.34,13.0,975.37,1049.0,-2.0,465.77,227.04,131.4,151.16,49.0,129.56,243.84249999999997,-114.28249999999997,1
53,2012-06,Denmark,Portugal,2,3,0,1,1,9.0,1019.45,1069.0,1.0,572.32,253.98,82.79,110.36,10.0,995.51,1190.0,-5.0,430.33,276.79,191.81,96.58,-1.0,254.8625,248.87750000000003,5.984999999999985,0
54,2012-06,Sweden,England,2,3,0,1,1,17.0,909.92,931.0,0.0,477.31,242.16,120.71,69.74,6.0,1144.64,1132.0,1.0,541.13,328.3,144.32,130.89,11.0,227.48000000000002,286.15999999999997,-58.67999999999995,0
55,2012-06,Denmark,Germany,1,2,0,1,1,9.0,1019.45,1069.0,1.0,572.32,253.98,82.79,110.36,3.0,1288.3,1345.0,-1.0,555.23,470.9,128.35,133.82,6.0,254.8625,322.075,-67.21249999999998,0
56,2012-06,Croatia,Spain,0,1,0,1,1,8.0,1052.62,1114.0,0.0,510.1,285.15,124.24,133.13,1.0,1456.1,1442.0,0.0,485.13,547.0,196.66,227.31,7.0,263.155,364.02500000000003,-100.87000000000006,0
57,2012-06,Saudi Arabia,Morocco,4,0,2,0,0,92.0,368.98,373.0,-3.0,189.2,66.88,57.59,55.31,70.0,491.08,548.0,-10.0,227.74,161.73,51.47,50.14,22.0,92.24499999999999,122.77000000000001,-30.52500000000002,2
58,2012-06,Sweden,France,2,0,0,1,1,17.0,909.92,931.0,0.0,477.31,242.16,120.71,69.74,14.0,963.75,938.0,2.0,516.79,226.01,132.7,88.25,3.0,227.48000000000002,240.9375,-13.457499999999982,2
59,2012-06,Spain,France,2,0,0,1,1,1.0,1456.1,1442.0,0.0,485.13,547.0,196.66,227.31,14.0,963.75,938.0,2.0,516.79,226.01,132.7,88.25,-13.0,364.02500000000003,240.9375,123.08750000000003,2
60,2012-06,Portugal,Spain,0,0,0,1,1,10.0,995.51,1190.0,-5.0,430.33,276.79,191.81,96.58,1.0,1456.1,1442.0,0.0,485.13,547.0,196.66,227.31,9.0,248.87750000000003,364.02500000000003,-115.14750000000001,1
61,2012-08,Costa Rica,Peru,0,1,2,0,0,62.0,500.73,541.0,-5.0,209.93,121.37,59.01,110.42,47.0,606.97,712.0,-15.0,187.83,224.04,165.21,29.89,15.0,125.1825,151.7425,-26.560000000000002,0
62,2012-08,Croatia,Switzerland,2,4,2,0,0,9.0,1050.49,1050.0,0.0,561.77,285.15,124.24,79.33,23.0,828.02,828.0,-2.0,411.83,140.63,155.14,120.42,-14.0,262.6225,207.005,55.61750000000001,0
63,2012-08,France,Uruguay,0,0,2,0,0,14.0,979.62,980.0,0.0,508.24,249.44,119.88,102.06,4.0,1236.13,1297.0,-1.0,633.61,290.16,220.98,91.38,10.0,244.90500000000003,309.0325,-64.1275,1
64,2012-08,Germany,Argentina,1,3,2,0,0,2.0,1473.88,1502.0,0.0,818.37,291.54,263.36,100.61,7.0,1098.02,1095.0,0.0,577.13,195.06,229.54,96.29,-5.0,368.46999999999997,274.505,93.96499999999997,0
65,2012-08,Iran,Tunisia,2,2,0,1,0,48.0,590.2,581.0,2.0,313.16,155.76,73.39,47.89,41.0,627.35,627.0,2.0,351.32,147.34,66.76,61.93,7.0,147.55,156.83749999999998,-9.287499999999966,1
66,2012-08,Portugal,Panama,2,0,2,0,0,5.0,1212.76,1213.0,0.0,679.5,274.69,195.27,63.3,54.0,560.2,612.0,-6.0,318.16,167.89,24.87,49.28,-49.0,303.19,140.05,163.14,2
67,2012-08,Sweden,Brazil,0,3,2,0,0,17.0,909.27,909.0,0.0,466.43,262.57,121.46,58.81,13.0,991.0,1012.0,-2.0,351.54,214.38,221.99,203.09,4.0,227.3175,247.75000000000003,-20.432500000000033,0
68,2012-09,Colombia,Uruguay,4,0,2,0,1,22.0,843.04,835.0,-1.0,495.72,180.41,95.88,71.03,5.0,1216.68,1236.0,-1.0,603.61,294.85,242.01,76.21,17.0,210.76,304.17,-93.41000000000003,2
69,2012-09,Costa Rica,Mexico,0,2,2,0,1,66.0,486.93,501.0,-4.0,192.49,137.32,56.36,100.76,21.0,845.38,862.0,-3.0,402.14,241.99,107.33,93.92,45.0,121.7325,211.345,-89.6125,0
70,2012-09,Spain,Saudi Arabia,5,0,2,0,0,1.0,1617.16,1605.0,0.0,841.84,300.45,313.09,161.78,105.0,328.37,329.0,-1.0,147.63,72.34,63.88,44.52,-104.0,404.28999999999996,82.0925,322.1975,2
71,2012-09,Belgium,Croatia,1,1,2,0,1,40.0,625.68,564.0,13.0,280.23,210.0,94.67,40.78,9.0,1019.72,1050.0,0.0,563.42,246.98,105.51,103.81,31.0,156.42,254.93,-98.51000000000002,1
72,2012-09,Mexico,Costa Rica,1,0,2,0,1,21.0,845.38,862.0,-3.0,402.14,241.99,107.33,93.92,66.0,486.93,501.0,-4.0,192.49,137.32,56.36,100.76,-45.0,211.345,121.7325,89.6125,2
73,2012-09,Peru,Argentina,1,1,2,0,1,51.0,587.3,607.0,-4.0,222.53,208.5,106.11,50.16,7.0,1120.82,1098.0,0.0,588.59,194.35,242.31,95.57,44.0,146.825,280.205,-133.38,1
74,2012-09,Brazil,Argentina,2,1,2,0,0,12.0,996.08,991.0,1.0,388.45,195.75,213.0,198.88,7.0,1120.82,1098.0,0.0,588.59,194.35,242.31,95.57,5.0,249.02,280.205,-31.184999999999974,2
75,2012-10,Argentina,Uruguay,3,0,2,0,1,4.0,1207.95,1121.0,3.0,680.32,175.11,261.24,91.28,7.0,1139.67,1217.0,-2.0,535.45,294.85,235.36,74.01,-3.0,301.9875,284.9175,17.069999999999993,2
76,2012-10,France,Japan,0,1,2,0,0,13.0,1010.76,965.0,2.0,529.74,272.52,115.48,93.02,23.0,818.17,793.0,0.0,355.9,270.05,122.17,70.05,-10.0,252.69,204.5425,48.14750000000001,0
77,2012-10,Russia,Portugal,1,0,2,0,1,12.0,1013.84,990.0,1.0,559.8,254.62,85.61,113.81,3.0,1259.11,1232.0,1.0,678.75,319.33,177.64,83.39,9.0,253.45999999999998,314.7775,-61.317499999999995,2
78,2012-10,Serbia,Belgium,0,3,2,0,1,33.0,706.38,624.0,9.0,250.36,195.29,143.72,117.01,30.0,722.65,626.0,10.0,367.7,234.25,94.67,26.03,3.0,176.595,180.6625,-4.0674999999999955,0
79,2012-10,Egypt,Tunisia,0,1,0,1,0,40.0,634.22,634.0,-2.0,271.69,90.3,207.66,64.57,45.0,619.65,625.0,-4.0,358.6,124.06,73.11,63.88,-5.0,158.555,154.9125,3.6425000000000125,0
80,2012-10,Germany,Sweden,4,4,2,0,1,2.0,1458.51,1437.0,0.0,804.67,278.6,276.44,98.8,21.0,859.29,875.0,-3.0,461.81,210.22,117.25,70.01,-19.0,364.6275,214.8225,149.805,1
81,2012-10,Iceland,Switzerland,0,2,2,0,1,97.0,361.83,283.0,21.0,199.29,85.89,35.39,41.26,15.0,982.86,847.0,5.0,510.6,206.72,120.82,144.72,82.0,90.4575,245.71500000000003,-155.25750000000005,0
82,2012-10,Iran,South Korea,1,0,2,0,1,58.0,548.77,573.0,-4.0,249.4,178.17,76.23,44.97,25.0,776.01,763.0,2.0,390.18,213.79,94.34,77.7,33.0,137.1925,194.00250000000003,-56.81000000000003,2
83,2012-10,Japan,Brazil,0,4,0,1,0,23.0,818.17,793.0,0.0,355.9,270.05,122.17,70.05,14.0,1000.95,996.0,-2.0,397.8,195.02,199.03,209.1,9.0,204.5425,250.2375,-45.69500000000002,0
84,2012-10,Spain,France,1,1,2,0,1,1.0,1611.34,1617.0,0.0,822.47,328.07,302.34,158.46,13.0,1010.76,965.0,2.0,529.74,272.52,115.48,93.02,-12.0,402.835,252.69,150.14499999999998,1
85,2012-10,Poland,England,1,1,2,0,1,54.0,573.01,547.0,2.0,329.96,132.59,41.58,68.88,5.0,1196.2,1274.0,-2.0,624.38,243.41,201.91,126.5,49.0,143.2525,299.05,-155.7975,1
86,2012-11,Brazil,Colombia,1,1,0,1,0,13.0,994.25,1001.0,1.0,391.47,194.68,211.86,196.24,8.0,1109.96,1102.0,1.0,729.69,232.27,56.91,91.09,5.0,248.56250000000003,277.49,-28.92749999999998,1
87,2012-11,South Korea,Australia,1,2,2,0,0,32.0,727.66,776.0,-7.0,333.42,227.84,91.94,74.46,33.0,718.92,702.0,1.0,284.27,205.62,135.01,94.02,-1.0,181.91500000000002,179.73,2.1850000000000307,0
88,2012-11,Panama,Spain,1,5,2,0,0,46.0,609.46,625.0,-3.0,311.76,170.8,73.83,53.07,1.0,1563.73,1611.0,0.0,763.94,327.04,312.59,160.16,45.0,152.365,390.9325,-238.5675,0
89,2012-11,Poland,Uruguay,1,3,2,0,0,54.0,578.62,573.0,0.0,334.73,149.17,47.99,46.73,11.0,1047.22,1140.0,-4.0,414.32,321.88,220.71,90.31,43.0,144.655,261.805,-117.15,0
90,2012-11,Saudi Arabia,Argentina,0,0,2,0,0,112.0,313.07,303.0,1.0,152.36,61.13,57.03,42.55,3.0,1349.44,1208.0,1.0,809.86,201.23,235.65,102.7,109.0,78.2675,337.36,-259.09250000000003,1
91,2012-11,Sweden,England,4,2,2,0,0,23.0,826.11,859.0,-2.0,349.31,302.24,104.9,69.66,6.0,1167.48,1196.0,-1.0,601.57,245.6,205.67,114.64,17.0,206.52749999999997,291.87000000000006,-85.34250000000009,2
92,2012-11,Tunisia,Switzerland,1,2,2,0,0,46.0,608.96,620.0,-1.0,336.12,119.62,83.47,69.75,16.0,966.18,983.0,-1.0,500.85,234.38,115.51,115.44,30.0,152.24,241.54500000000002,-89.305,0
93,2012-11,Argentina,Brazil,2,1,2,0,0,3.0,1349.44,1208.0,1.0,809.86,201.23,235.65,102.7,13.0,994.25,1001.0,1.0,391.47,194.68,211.86,196.24,-10.0,337.36,248.56250000000003,88.79749999999999,2
94,2012-12,Iran,Saudi Arabia,0,0,0,1,1,59.0,531.56,611.0,-15.0,228.08,187.29,73.14,43.05,126.0,263.91,313.0,-14.0,95.85,76.67,48.87,42.52,-67.0,132.89,65.97749999999999,66.9125,1
95,2013-02,Croatia,South Korea,4,0,0,1,0,9.0,1059.18,1064.0,1.0,520.35,287.08,159.98,91.77,38.0,642.7,687.0,-4.0,277.31,171.69,133.11,60.59,-29.0,264.795,160.675,104.12,2
96,2013-02,England,Brazil,2,1,2,0,0,4.0,1159.57,1151.0,2.0,557.86,285.73,201.76,114.22,18.0,923.89,946.0,0.0,316.84,222.86,190.96,193.23,-14.0,289.8925,230.97250000000003,58.91999999999996,2
97,2013-02,France,Germany,1,2,2,0,0,17.0,928.75,949.0,0.0,449.2,238.92,112.06,128.57,2.0,1437.2,1437.0,0.0,751.4,321.48,265.74,98.58,15.0,232.1875,359.3,-127.11250000000001,0
98,2013-02,Iceland,Russia,0,2,0,1,0,98.0,369.78,392.0,-9.0,219.55,100.21,25.34,24.68,10.0,1055.05,1070.0,-1.0,583.36,257.81,120.68,93.2,88.0,92.445,263.76250000000005,-171.31750000000005,0
99,2013-02,Panama,Costa Rica,2,2,2,0,1,42.0,611.99,594.0,4.0,327.75,175.88,84.37,23.99,53.0,577.26,515.0,13.0,332.38,118.69,53.55,72.64,-11.0,152.9975,144.315,8.682500000000005,1
100,2013-02,Spain,Uruguay,3,1,0,1,0,1.0,1589.51,1606.0,0.0,814.33,312.49,303.38,159.31,16.0,950.44,975.0,0.0,275.77,363.07,204.54,107.06,-15.0,397.37750000000005,237.60999999999996,159.7675000000001,2
101,2013-02,Sweden,Argentina,2,3,2,0,0,21.0,862.72,870.0,-2.0,398.41,280.59,114.88,68.84,3.0,1281.17,1290.0,0.0,717.86,209.05,263.09,91.17,18.0,215.68,320.2925,-104.61250000000001,0
102,2013-03,Croatia,Serbia,2,0,2,0,1,9.0,1080.38,1059.0,0.0,567.65,260.98,159.98,91.77,35.0,657.49,668.0,1.0,246.3,170.09,115.26,125.84,-26.0,270.095,164.3725,105.72250000000003,2
103,2013-03,Russia,Brazil,1,1,0,1,0,10.0,1063.65,1055.0,0.0,584.48,260.28,131.4,87.49,18.0,907.75,924.0,0.0,299.44,225.9,194.92,187.49,-8.0,265.91249999999997,226.9375,38.974999999999966,1
104,2013-03,France,Spain,0,1,2,0,1,17.0,920.79,929.0,0.0,438.86,243.39,120.68,117.86,1.0,1609.65,1590.0,0.0,836.35,305.7,311.01,156.59,16.0,230.19750000000002,402.41249999999997,-172.21499999999995,0
105,2013-04,Mexico,Peru,0,0,0,1,0,14.0,970.61,995.0,1.0,524.36,235.52,101.83,108.9,32.0,752.24,624.0,9.0,376.97,222.66,73.94,78.67,-18.0,242.6525,188.05999999999997,54.59250000000003,1
106,2013-05,Mexico,Nigeria,2,2,0,1,0,16.0,945.4,971.0,-2.0,499.93,235.52,104.99,104.96,28.0,780.27,757.0,3.0,520.28,96.88,56.0,107.11,-12.0,236.35000000000002,195.0675,41.28250000000003,1
107,2013-06,Panama,Peru,1,2,2,0,0,43.0,648.91,663.0,-5.0,358.99,171.57,83.3,35.05,30.0,791.5,753.0,2.0,433.92,210.03,68.88,78.67,13.0,162.22749999999996,197.875,-35.647500000000036,0
108,2013-06,Brazil,England,2,2,2,0,0,22.0,872.04,902.0,-3.0,272.3,224.5,189.18,186.06,9.0,1095.01,1135.0,-2.0,530.73,270.56,196.98,96.74,13.0,218.01,273.7525,-55.74250000000001,1
109,2013-06,Japan,Australia,1,1,2,0,1,32.0,764.61,773.0,-2.0,346.06,156.33,212.51,49.71,47.0,618.57,624.0,0.0,207.62,184.08,138.99,87.88,-15.0,191.1525,154.6425,36.50999999999999,1
110,2013-06,Uruguay,France,1,0,2,0,0,19.0,913.11,932.0,-2.0,270.9,370.31,177.75,94.15,18.0,922.37,914.0,0.0,452.88,245.42,135.6,88.47,1.0,228.2775,230.5925,-2.3149999999999977,2
111,2013-06,Argentina,Colombia,0,0,2,0,1,3.0,1286.52,1296.0,0.0,702.07,291.41,203.46,89.58,7.0,1123.44,1154.0,-1.0,684.51,301.99,58.84,78.1,-4.0,321.63,280.85999999999996,40.77000000000004,1
112,2013-06,Belgium,Serbia,2,1,2,0,1,12.0,1034.73,953.0,3.0,740.37,117.15,114.09,63.12,36.0,723.27,659.0,4.0,385.33,112.59,133.83,91.52,-24.0,258.6825,180.8175,77.86500000000001,2
113,2013-06,Panama,Mexico,0,0,2,0,1,43.0,648.91,663.0,-5.0,358.99,171.57,83.3,35.05,17.0,927.88,945.0,-1.0,474.26,238.29,123.3,92.03,26.0,162.22749999999996,231.96999999999997,-69.7425,1
114,2013-06,Portugal,Russia,1,0,2,0,1,6.0,1136.83,1163.0,-1.0,624.6,215.17,166.08,130.98,11.0,1059.42,1052.0,0.0,584.98,250.62,136.22,87.6,-5.0,284.2075,264.855,19.352499999999964,2
115,2013-06,Brazil,France,3,0,2,0,0,22.0,872.04,902.0,-3.0,272.3,224.5,189.18,186.06,18.0,922.37,914.0,0.0,452.88,245.42,135.6,88.47,4.0,218.01,230.5925,-12.58250000000001,2
116,2013-06,Croatia,Portugal,0,1,0,1,0,4.0,1222.02,1191.0,0.0,712.29,255.05,171.09,83.59,6.0,1136.83,1163.0,-1.0,624.6,215.17,166.08,130.98,-2.0,305.50499999999994,284.2075,21.297499999999957,0
117,2013-06,Colombia,Peru,2,0,2,0,1,7.0,1123.44,1154.0,-1.0,684.51,301.99,58.84,78.1,30.0,791.5,753.0,2.0,433.92,210.03,68.88,78.67,-23.0,280.85999999999996,197.875,82.98499999999996,2
118,2013-06,Mexico,Costa Rica,0,0,2,0,1,17.0,927.88,945.0,-1.0,474.26,238.29,123.3,92.03,48.0,617.48,616.0,0.0,387.67,100.16,69.54,60.11,-31.0,231.96999999999997,154.37,77.59999999999997,1
119,2013-06,Brazil,Japan,3,0,2,0,1,22.0,872.04,902.0,-3.0,272.3,224.5,189.18,186.06,32.0,764.61,773.0,-2.0,346.06,156.33,212.51,49.71,-10.0,218.01,191.1525,26.857499999999987,2
120,2013-06,Spain,Uruguay,2,1,0,1,1,1.0,1614.36,1538.0,0.0,912.48,242.57,328.2,131.11,19.0,913.11,932.0,-2.0,270.9,370.31,177.75,94.15,-18.0,403.59000000000003,228.2775,175.31250000000003,2
121,2013-06,Costa Rica,Panama,2,0,2,0,1,48.0,617.48,616.0,0.0,387.67,100.16,69.54,60.11,43.0,648.91,663.0,-5.0,358.99,171.57,83.3,35.05,5.0,154.37,162.22749999999996,-7.857499999999959,2
122,2013-06,South Korea,Iran,0,1,2,0,1,40.0,665.54,644.0,2.0,301.32,158.73,150.2,55.29,67.0,505.93,538.0,-10.0,205.24,154.44,96.05,50.2,-27.0,166.385,126.4825,39.90249999999999,0
123,2013-06,Brazil,Mexico,2,0,2,0,1,22.0,872.04,902.0,-3.0,272.3,224.5,189.18,186.06,17.0,927.88,945.0,-1.0,474.26,238.29,123.3,92.03,5.0,218.01,231.96999999999997,-13.95999999999998,2
124,2013-06,Nigeria,Uruguay,1,2,0,1,1,31.0,785.25,780.0,-3.0,532.02,89.26,66.32,97.65,19.0,913.11,932.0,-2.0,270.9,370.31,177.75,94.15,12.0,196.31249999999997,228.2775,-31.965000000000032,0
125,2013-06,Japan,Mexico,1,2,0,1,1,32.0,764.61,773.0,-2.0,346.06,156.33,212.51,49.71,17.0,927.88,945.0,-1.0,474.26,238.29,123.3,92.03,15.0,191.1525,231.96999999999997,-40.81749999999997,0
126,2013-06,Nigeria,Spain,0,3,0,1,1,31.0,785.25,780.0,-3.0,532.02,89.26,66.32,97.65,1.0,1614.36,1538.0,0.0,912.48,242.57,328.2,131.11,30.0,196.31249999999997,403.59000000000003,-207.27750000000006,0
127,2013-06,Brazil,Uruguay,2,1,2,0,1,22.0,872.04,902.0,-3.0,272.3,224.5,189.18,186.06,19.0,913.11,932.0,-2.0,270.9,370.31,177.75,94.15,3.0,218.01,228.2775,-10.267500000000013,2
128,2013-06,Brazil,Spain,3,0,2,0,1,22.0,872.04,902.0,-3.0,272.3,224.5,189.18,186.06,1.0,1614.36,1538.0,0.0,912.48,242.57,328.2,131.11,21.0,218.01,403.59000000000003,-185.58000000000004,2
129,2013-07,Mexico,Panama,1,2,0,1,1,20.0,879.55,928.0,-3.0,445.09,172.53,160.77,101.16,51.0,601.39,649.0,-8.0,288.08,159.08,100.73,53.5,-31.0,219.8875,150.3475,69.53999999999999,0
130,2013-07,Morocco,Tunisia,0,0,2,0,1,79.0,469.9,463.0,-2.0,237.86,120.26,97.04,14.74,47.0,626.91,652.0,-5.0,318.34,175.66,88.4,44.51,32.0,117.47500000000001,156.7275,-39.25249999999998,1
131,2013-07,South Korea,Australia,0,0,2,0,1,43.0,641.69,666.0,-3.0,267.13,171.28,135.09,68.19,40.0,671.03,619.0,7.0,280.18,186.93,108.45,95.47,3.0,160.4225,167.75750000000002,-7.335000000000008,1
132,2013-07,Panama,Mexico,2,1,0,1,1,51.0,601.39,649.0,-8.0,288.08,159.08,100.73,53.5,20.0,879.55,928.0,-3.0,445.09,172.53,160.77,101.16,31.0,150.3475,219.8875,-69.53999999999999,2
133,2013-07,Japan,Australia,3,2,0,1,1,37.0,689.43,765.0,-5.0,265.81,182.61,162.41,78.6,40.0,671.03,619.0,7.0,280.18,186.93,108.45,95.47,-3.0,172.35750000000002,167.75750000000002,4.599999999999994,2
134,2013-07,South Korea,Japan,1,2,2,0,1,43.0,641.69,666.0,-3.0,267.13,171.28,135.09,68.19,37.0,689.43,765.0,-5.0,265.81,182.61,162.41,78.6,6.0,160.4225,172.35750000000002,-11.935000000000002,0
135,2013-08,Belgium,France,0,0,2,0,0,10.0,1079.24,1079.0,0.0,784.88,117.15,114.09,63.12,23.0,838.05,838.0,0.0,361.23,247.24,149.66,79.92,-13.0,269.81,209.5125,60.297500000000014,1
136,2013-08,Colombia,Serbia,1,0,0,1,0,3.0,1219.16,1206.0,0.0,792.81,243.31,104.21,78.83,41.0,660.57,661.0,0.0,346.8,115.0,99.24,99.53,-38.0,304.78999999999996,165.14249999999998,139.64749999999998,2
137,2013-08,Japan,Uruguay,2,4,2,0,0,37.0,695.35,689.0,0.0,271.72,182.61,162.41,78.6,12.0,998.33,1016.0,0.0,360.11,316.81,174.1,147.32,25.0,173.835,249.58500000000004,-75.75000000000003,0
138,2013-08,South Korea,Peru,0,0,2,0,0,56.0,593.53,642.0,-13.0,218.98,171.28,135.09,68.19,22.0,854.99,898.0,-3.0,516.51,93.92,134.42,110.14,34.0,148.385,213.74749999999997,-65.36249999999998,1
139,2013-08,Poland,Denmark,3,2,2,0,0,72.0,493.36,493.0,3.0,224.75,164.01,65.26,39.34,27.0,787.5,788.0,0.0,294.08,288.12,136.22,69.09,45.0,123.34,196.87750000000003,-73.53750000000002,2
140,2013-08,Switzerland,Brazil,1,0,2,0,0,15.0,987.24,987.0,1.0,593.52,205.92,84.38,103.42,9.0,1089.49,1095.0,0.0,637.09,175.77,128.63,147.99,6.0,246.80999999999997,272.37,-25.56000000000003,2
141,2013-09,Peru,Uruguay,1,2,2,0,1,34.0,732.44,855.0,-12.0,362.53,159.08,126.78,84.05,7.0,1125.64,998.0,5.0,524.09,267.73,176.91,156.91,27.0,183.10999999999999,281.41,-98.30000000000004,0
142,2013-09,Serbia,Croatia,1,1,2,0,1,43.0,666.13,661.0,-2.0,338.4,114.75,117.17,95.81,10.0,1050.93,1098.0,-2.0,541.59,256.67,171.89,80.78,33.0,166.53249999999997,262.7325,-96.20000000000005,1
143,2013-09,Switzerland,Iceland,4,4,2,0,1,14.0,992.01,987.0,1.0,532.13,255.3,124.03,80.55,54.0,598.7,499.0,16.0,436.39,87.19,51.54,23.59,-40.0,248.0025,149.67749999999998,98.32500000000002,1
144,2013-09,Brazil,Australia,6,0,2,0,0,8.0,1066.81,1089.0,1.0,625.48,191.19,117.45,132.68,53.0,602.71,630.0,-7.0,257.43,128.1,126.82,90.36,-45.0,266.70000000000005,150.67749999999998,116.02250000000006,2
145,2013-09,Brazil,Portugal,3,1,0,1,0,8.0,1066.81,1089.0,1.0,625.48,191.19,117.45,132.68,11.0,1028.77,1099.0,-4.0,379.38,339.37,191.6,118.42,-3.0,266.70000000000005,257.1925,9.50750000000005,2
146,2013-09,South Korea,Croatia,1,2,2,0,0,58.0,573.96,594.0,-2.0,187.7,195.09,128.27,62.89,10.0,1050.93,1098.0,-2.0,541.59,256.67,171.89,80.78,48.0,143.48749999999998,262.7325,-119.24500000000003,0
147,2013-09,Uruguay,Colombia,2,0,2,0,1,7.0,1125.64,998.0,5.0,524.09,267.73,176.91,156.91,5.0,1180.13,1219.0,-2.0,629.1,367.8,119.31,63.92,2.0,281.41,295.0325,-13.622500000000002,2
148,2013-10,Argentina,Peru,3,1,2,0,1,3.0,1266.4,1263.0,-1.0,583.64,404.93,120.74,157.1,39.0,686.09,732.0,-5.0,364.62,117.41,144.89,59.18,-36.0,316.60249999999996,171.52499999999998,145.0775,2
149,2013-10,Croatia,Belgium,1,2,2,0,1,18.0,900.84,1051.0,-8.0,362.34,289.27,146.6,102.63,5.0,1175.21,1159.0,1.0,718.22,274.98,128.78,53.24,13.0,225.20999999999998,293.805,-68.59500000000003,0
150,2013-10,France,Australia,6,0,2,0,0,21.0,869.91,812.0,4.0,405.24,226.14,156.83,81.7,57.0,563.81,603.0,-4.0,208.3,142.14,123.37,90.01,-36.0,217.47750000000002,140.955,76.52250000000001,2
151,2013-10,Mexico,Panama,2,1,2,0,1,24.0,853.73,837.0,-3.0,372.56,273.47,143.36,64.33,36.0,702.15,727.0,-1.0,392.42,155.88,97.6,56.25,-12.0,213.43,175.5375,37.89250000000001,2
152,2013-10,Serbia,Japan,2,0,2,0,0,28.0,778.34,666.0,15.0,476.23,94.54,130.4,77.17,44.0,634.43,671.0,-2.0,220.65,172.22,161.86,79.7,-16.0,194.58499999999998,158.60750000000002,35.977499999999964,2
153,2013-10,South Korea,Brazil,0,2,2,0,0,56.0,568.86,574.0,2.0,204.15,166.71,136.7,61.3,11.0,1077.89,1067.0,-3.0,624.11,195.74,116.81,141.24,45.0,142.215,269.475,-127.26000000000002,0
154,2013-10,Costa Rica,Mexico,2,1,2,0,1,31.0,743.91,733.0,2.0,517.68,125.47,78.64,22.13,24.0,853.73,837.0,-3.0,372.56,273.47,143.36,64.33,7.0,185.98,213.43,-27.450000000000017,2
155,2013-10,England,Poland,2,0,2,0,1,10.0,1079.82,947.0,7.0,485.46,309.88,147.36,137.12,69.0,502.83,539.0,-4.0,219.42,161.91,89.5,31.99,-59.0,269.955,125.705,144.25,2
156,2013-10,Sweden,Germany,3,5,2,0,1,25.0,850.35,836.0,-3.0,424.42,174.65,181.35,69.93,2.0,1310.84,1261.0,1.0,566.64,375.5,183.29,185.41,23.0,212.58750000000003,327.71000000000004,-115.1225,0
157,2013-10,Uruguay,Argentina,3,2,2,0,1,6.0,1164.33,1126.0,1.0,616.9,207.16,193.13,147.14,3.0,1266.4,1263.0,-1.0,583.64,404.93,120.74,157.1,3.0,291.0825,316.60249999999996,-25.519999999999982,2
158,2013-11,Belgium,Colombia,0,2,2,0,0,11.0,1098.31,1175.0,-6.0,652.93,271.08,118.68,55.61,4.0,1200.39,1178.0,0.0,632.31,397.14,134.05,36.9,7.0,274.575,300.09999999999997,-25.524999999999977,0
159,2013-11,Iceland,Croatia,0,0,2,0,1,50.0,623.77,633.0,-4.0,426.0,120.75,60.13,16.89,16.0,970.72,901.0,2.0,430.28,262.77,170.5,107.17,34.0,155.9425,242.67999999999998,-86.73749999999998,1
160,2013-11,South Korea,Switzerland,2,1,2,0,0,54.0,577.35,569.0,2.0,226.44,154.06,130.52,66.33,8.0,1113.41,1138.0,-1.0,621.89,277.45,134.33,79.74,46.0,144.3375,278.35249999999996,-134.01499999999996,2
161,2013-11,Portugal,Sweden,1,0,2,0,1,5.0,1172.48,1036.0,9.0,611.29,286.83,168.32,106.04,27.0,792.66,850.0,-2.0,347.0,210.47,161.33,73.85,-22.0,293.11999999999995,198.16250000000002,94.95749999999992,2
162,2013-11,Russia,Serbia,1,1,0,1,0,22.0,870.06,874.0,-3.0,335.38,302.11,140.62,91.94,30.0,752.01,778.0,-2.0,440.63,127.55,107.91,75.92,-8.0,217.5125,188.00249999999997,29.51000000000002,1
163,2013-11,Australia,Costa Rica,1,0,2,0,0,59.0,564.01,564.0,-2.0,208.77,151.19,125.91,78.14,31.0,737.62,744.0,0.0,511.01,132.23,75.97,18.41,28.0,141.0025,184.405,-43.4025,2
164,2013-11,Belgium,Japan,2,3,2,0,0,11.0,1098.31,1175.0,-6.0,652.93,271.08,118.68,55.61,48.0,638.37,634.0,-4.0,208.37,198.4,149.31,82.3,-37.0,274.575,159.59499999999997,114.98000000000002,0
165,2013-11,Croatia,Iceland,2,0,2,0,1,16.0,970.72,901.0,2.0,430.28,262.77,170.5,107.17,50.0,623.77,633.0,-4.0,426.0,120.75,60.13,16.89,-34.0,242.67999999999998,155.9425,86.73749999999998,2
166,2013-11,England,Germany,0,1,2,0,0,13.0,1041.13,1080.0,-3.0,455.04,279.38,169.59,137.12,2.0,1317.51,1311.0,0.0,566.83,382.93,182.37,185.38,11.0,260.2825,329.37750000000005,-69.09500000000003,0
167,2013-11,Russia,South Korea,2,1,0,1,0,22.0,870.06,874.0,-3.0,335.38,302.11,140.62,91.94,54.0,577.35,569.0,2.0,226.44,154.06,130.52,66.33,-32.0,217.5125,144.3375,73.17499999999998,2
168,2013-11,Sweden,Portugal,2,3,2,0,1,27.0,792.66,850.0,-2.0,347.0,210.47,161.33,73.85,5.0,1172.48,1036.0,9.0,611.29,286.83,168.32,106.04,22.0,198.16250000000002,293.11999999999995,-94.95749999999992,0
169,2014-01,Iceland,Sweden,0,2,0,1,0,49.0,623.77,624.0,0.0,426.0,120.75,60.13,16.89,26.0,792.66,793.0,1.0,347.0,210.47,161.33,73.85,23.0,155.9425,198.16250000000002,-42.22000000000003,0
170,2014-01,Costa Rica,South Korea,0,1,0,1,0,32.0,743.46,741.0,-1.0,511.01,131.46,71.24,29.75,53.0,581.35,577.0,1.0,226.44,154.06,125.98,74.87,-21.0,185.865,145.3375,40.5275,0
171,2014-01,Morocco,Nigeria,3,4,0,1,1,74.0,486.09,490.0,-1.0,247.29,106.24,93.75,38.82,41.0,700.52,710.0,-4.0,418.93,137.08,70.28,74.24,33.0,121.52499999999999,175.1325,-53.6075,0
172,2014-01,Mexico,South Korea,4,0,0,1,0,21.0,891.92,892.0,0.0,408.43,275.46,143.7,64.33,53.0,581.35,577.0,1.0,226.44,154.06,125.98,74.87,-32.0,222.98,145.3375,77.64249999999998,2
173,2014-03,Colombia,Tunisia,1,1,0,1,0,5.0,1182.73,1211.0,0.0,617.76,385.5,146.67,32.8,44.0,641.07,656.0,1.0,337.63,166.12,83.18,54.15,-39.0,295.6825,160.27,135.4125,1
174,2014-03,England,Denmark,1,0,2,0,0,12.0,1044.57,1032.0,3.0,454.54,300.38,152.39,137.25,22.0,858.31,907.0,-2.0,443.5,146.07,188.64,80.1,-10.0,261.14,214.5775,46.5625,2
175,2014-03,Switzerland,Croatia,2,2,2,0,0,7.0,1122.53,1159.0,-1.0,621.33,287.95,132.67,80.57,16.0,954.92,966.0,0.0,407.86,283.82,156.59,106.65,-9.0,280.63,238.73000000000002,41.89999999999998,1
176,2014-05,Germany,Poland,0,0,2,0,0,2.0,1340.13,1340.0,0.0,589.6,380.81,196.51,173.21,72.0,478.73,479.0,0.0,209.5,141.37,91.06,36.8,-70.0,335.0325,119.6825,215.35000000000002,1
177,2014-05,Denmark,Sweden,1,0,2,0,0,23.0,818.88,819.0,0.0,355.11,182.68,198.06,83.04,25.0,794.86,795.0,0.0,363.92,183.98,160.87,86.1,-2.0,204.72249999999997,198.7175,6.004999999999967,2
178,2014-05,South Korea,Tunisia,0,1,2,0,0,55.0,550.74,551.0,1.0,217.75,133.92,110.64,88.43,49.0,596.81,597.0,0.0,276.96,183.35,89.12,47.38,6.0,137.685,149.2025,-11.517499999999984,0
179,2014-05,England,Peru,3,0,2,0,0,11.0,1042.8,1043.0,0.0,464.95,287.17,161.59,129.09,42.0,665.41,653.0,1.0,295.1,195.77,125.25,49.29,-31.0,260.7,166.3525,94.3475,2
180,2014-05,Colombia,Senegal,2,2,0,1,0,5.0,1186.08,1186.0,-1.0,619.07,369.53,162.41,35.07,63.0,511.37,511.0,0.0,270.76,115.2,53.07,72.34,-58.0,296.52,127.8425,168.67749999999998,1
181,2014-06,Sweden,Belgium,0,2,2,0,0,32.0,741.5,795.0,-7.0,311.79,189.66,143.19,96.86,11.0,1073.94,1039.0,1.0,557.4,370.19,70.29,76.06,21.0,185.37500000000003,268.48499999999996,-83.10999999999993,0
182,2014-06,Costa Rica,Japan,1,3,0,1,0,28.0,762.48,748.0,6.0,465.28,193.84,60.09,43.27,46.0,626.45,613.0,1.0,218.61,172.37,93.8,141.67,-18.0,190.62,156.6125,34.00749999999999,0
183,2014-06,Brazil,Panama,4,0,2,0,0,3.0,1242.23,1210.0,1.0,845.26,136.15,134.7,126.12,31.0,742.74,739.0,4.0,404.77,179.49,102.94,55.53,-28.0,310.5575,185.6825,124.875,2
184,2014-06,Switzerland,Peru,2,0,2,0,0,6.0,1148.57,1161.0,2.0,640.01,297.29,123.55,87.72,45.0,626.89,665.0,-3.0,237.99,216.96,126.02,45.92,-39.0,287.1425,156.7225,130.42,2
185,2014-06,Brazil,Serbia,1,0,2,0,0,3.0,1242.23,1210.0,1.0,845.26,136.15,134.7,126.12,30.0,745.01,759.0,0.0,408.4,173.4,73.19,90.03,-27.0,310.5575,186.255,124.30250000000001,2
186,2014-06,Croatia,Australia,1,0,0,1,0,18.0,903.47,871.0,2.0,280.24,356.14,153.03,114.06,62.0,525.6,545.0,-3.0,218.34,109.3,110.45,87.51,-44.0,225.8675,131.4,94.4675,2
187,2014-06,Mexico,Portugal,0,1,0,1,0,20.0,881.95,877.0,-1.0,400.99,255.78,142.97,82.2,4.0,1189.4,1245.0,-1.0,637.29,312.3,129.1,110.72,16.0,220.485,297.35249999999996,-76.86749999999995,0
188,2014-06,Russia,Morocco,2,0,2,0,0,19.0,893.29,903.0,-1.0,359.61,292.49,150.37,90.82,77.0,438.52,454.0,-1.0,196.66,108.84,68.32,64.69,-58.0,223.3225,109.6275,113.695,2
189,2014-06,Belgium,Tunisia,1,0,2,0,0,11.0,1073.94,1039.0,1.0,557.4,370.19,70.29,76.06,48.0,611.53,597.0,1.0,286.67,178.45,95.92,50.48,-37.0,268.48499999999996,152.88,115.60499999999996,2
190,2014-06,Brazil,Croatia,3,1,2,0,1,3.0,1242.23,1210.0,1.0,845.26,136.15,134.7,126.12,18.0,903.47,871.0,2.0,280.24,356.14,153.03,114.06,-15.0,310.5575,225.8675,84.69,2
191,2014-06,Uruguay,Costa Rica,1,3,0,1,1,7.0,1147.48,1181.0,-1.0,671.34,135.45,222.18,118.5,28.0,762.48,748.0,6.0,465.28,193.84,60.09,43.27,-21.0,286.8675,190.62,96.2475,0
192,2014-06,Germany,Portugal,4,0,0,1,1,2.0,1299.59,1340.0,0.0,559.35,385.31,166.57,188.36,4.0,1189.4,1245.0,-1.0,637.29,312.3,129.1,110.72,-2.0,324.89750000000004,297.35249999999996,27.545000000000073,2
193,2014-06,Iran,Nigeria,0,0,0,1,1,43.0,641.14,715.0,-6.0,367.04,117.41,92.66,64.03,44.0,639.8,631.0,0.0,275.67,266.01,53.56,44.57,-1.0,160.285,159.95250000000001,0.3324999999999818,1
194,2014-06,Brazil,Mexico,0,0,2,0,1,3.0,1242.23,1210.0,1.0,845.26,136.15,134.7,126.12,20.0,881.95,877.0,-1.0,400.99,255.78,142.97,82.2,-17.0,310.5575,220.485,90.07249999999999,1
195,2014-06,Russia,South Korea,1,1,0,1,1,19.0,893.29,903.0,-1.0,359.61,292.49,150.37,90.82,57.0,546.55,551.0,-2.0,209.02,142.16,95.24,100.13,-38.0,223.3225,136.6375,86.685,1
196,2014-06,Uruguay,England,2,1,0,1,1,7.0,1147.48,1181.0,-1.0,671.34,135.45,222.18,118.5,10.0,1090.3,1043.0,1.0,531.28,265.37,162.34,131.32,-3.0,286.8675,272.5775,14.29000000000002,2
197,2014-06,Switzerland,France,2,5,0,1,1,6.0,1148.57,1161.0,2.0,640.01,297.29,123.55,87.72,17.0,913.41,935.0,-1.0,449.18,225.59,148.9,89.74,-11.0,287.1425,228.3525,58.78999999999999,0
198,2014-06,Argentina,Iran,1,0,0,1,1,5.0,1174.5,1178.0,2.0,512.98,351.04,174.84,135.64,43.0,641.14,715.0,-6.0,367.04,117.41,92.66,64.03,-38.0,293.625,160.285,133.34,2
199,2014-06,Belgium,Russia,1,0,0,1,1,11.0,1073.94,1039.0,1.0,557.4,370.19,70.29,76.06,19.0,893.29,903.0,-1.0,359.61,292.49,150.37,90.82,-8.0,268.48499999999996,223.3225,45.162499999999966,2
200,2014-06,Australia,Spain,0,3,0,1,1,62.0,525.6,545.0,-3.0,218.34,109.3,110.45,87.51,1.0,1484.58,1460.0,0.0,664.0,456.24,145.54,218.8,61.0,131.4,371.145,-239.74499999999998,0
201,2014-06,Croatia,Mexico,1,3,0,1,1,18.0,903.47,871.0,2.0,280.24,356.14,153.03,114.06,20.0,881.95,877.0,-1.0,400.99,255.78,142.97,82.2,-2.0,225.8675,220.485,5.382499999999993,0
202,2014-06,Costa Rica,England,0,0,0,1,1,28.0,762.48,748.0,6.0,465.28,193.84,60.09,43.27,10.0,1090.3,1043.0,1.0,531.28,265.37,162.34,131.32,18.0,190.62,272.5775,-81.95749999999998,1
203,2014-06,Japan,Colombia,1,4,0,1,1,46.0,626.45,613.0,1.0,218.61,172.37,93.8,141.67,8.0,1137.04,1186.0,-3.0,574.37,342.25,181.19,39.22,38.0,156.6125,284.2575,-127.64499999999998,0
204,2014-06,Nigeria,Argentina,2,3,0,1,1,44.0,639.8,631.0,0.0,275.67,266.01,53.56,44.57,5.0,1174.5,1178.0,2.0,512.98,351.04,174.84,135.64,39.0,159.95250000000001,293.625,-133.67249999999999,0
205,2014-06,South Korea,Belgium,0,1,0,1,1,57.0,546.55,551.0,-2.0,209.02,142.16,95.24,100.13,11.0,1073.94,1039.0,1.0,557.4,370.19,70.29,76.06,46.0,136.6375,268.48499999999996,-131.84749999999997,0
206,2014-06,Colombia,Uruguay,2,0,0,1,1,8.0,1137.04,1186.0,-3.0,574.37,342.25,181.19,39.22,7.0,1147.48,1181.0,-1.0,671.34,135.45,222.18,118.5,1.0,284.2575,286.8675,-2.6100000000000136,2
207,2014-06,France,Nigeria,2,0,0,1,1,17.0,913.41,935.0,-1.0,449.18,225.59,148.9,89.74,44.0,639.8,631.0,0.0,275.67,266.01,53.56,44.57,-27.0,228.3525,159.95250000000001,68.39999999999998,2
208,2014-07,Argentina,Switzerland,1,0,0,1,1,2.0,1605.53,1175.0,3.0,1028.9,325.47,173.14,78.02,9.0,1215.93,1149.0,-3.0,739.37,296.76,123.55,56.25,-7.0,401.38250000000005,303.9825,97.40000000000003,2
209,2014-07,Brazil,Colombia,2,1,2,0,1,7.0,1240.51,1242.0,-4.0,730.75,318.55,105.46,85.75,4.0,1491.78,1137.0,4.0,879.92,396.4,145.99,69.47,3.0,310.1275,372.945,-62.817499999999995,2
210,2014-07,France,Germany,0,1,0,1,1,10.0,1202.13,913.0,7.0,773.4,180.61,148.34,99.78,1.0,1723.84,1300.0,1.0,1112.98,248.73,245.51,116.62,9.0,300.53249999999997,430.96000000000004,-130.42750000000007,0
211,2014-07,Argentina,Belgium,1,0,0,1,1,2.0,1605.53,1175.0,3.0,1028.9,325.47,173.14,78.02,5.0,1401.25,1074.0,6.0,862.46,392.44,70.29,76.06,-3.0,401.38250000000005,350.3125,51.07000000000005,2
212,2014-07,Brazil,Germany,1,7,2,0,1,7.0,1240.51,1242.0,-4.0,730.75,318.55,105.46,85.75,1.0,1723.84,1300.0,1.0,1112.98,248.73,245.51,116.62,6.0,310.1275,430.96000000000004,-120.83250000000004,0
213,2014-07,Germany,Argentina,1,0,0,1,1,1.0,1723.84,1300.0,1.0,1112.98,248.73,245.51,116.62,2.0,1605.53,1175.0,3.0,1028.9,325.47,173.14,78.02,-1.0,430.96000000000004,401.38250000000005,29.577499999999986,2
214,2014-09,Germany,Argentina,2,4,2,0,0,1.0,1765.05,1736.0,0.0,1158.66,253.55,241.4,111.44,2.0,1630.97,1604.0,0.0,1022.99,329.95,204.1,73.93,-1.0,441.26250000000005,407.7425,33.52000000000004,0
215,2014-09,Belgium,Australia,2,0,2,0,0,5.0,1444.33,1407.0,0.0,854.34,385.99,110.31,93.7,84.0,390.2,391.0,-5.0,100.08,128.71,76.86,84.55,-79.0,361.085,97.55000000000001,263.53499999999997,2
216,2014-09,France,Spain,1,0,2,0,0,9.0,1201.55,1212.0,1.0,781.0,157.61,153.93,109.01,8.0,1228.17,1241.0,-1.0,497.96,352.24,246.74,131.23,1.0,300.3875,307.0425,-6.65500000000003,2
217,2014-09,Japan,Uruguay,0,2,2,0,0,48.0,557.22,593.0,-4.0,217.62,124.82,106.77,108.02,7.0,1242.6,1316.0,-1.0,701.98,262.05,160.64,117.94,41.0,139.3075,310.65250000000003,-171.34500000000003,0
218,2014-09,Senegal,Egypt,2,0,2,0,1,36.0,644.64,491.0,23.0,367.87,134.24,58.1,84.43,61.0,513.05,645.0,-23.0,250.82,144.61,81.51,36.12,-25.0,161.16000000000003,128.265,32.89500000000004,2
219,2014-09,Costa Rica,Panama,2,2,0,1,1,15.0,987.93,1023.0,0.0,619.71,262.14,53.9,52.18,55.0,540.13,474.0,8.0,170.09,205.61,99.37,65.06,-40.0,246.9825,135.03250000000003,111.94999999999996,1
220,2014-09,Serbia,France,1,1,2,0,0,34.0,645.8,723.0,-3.0,329.64,169.2,68.85,78.12,9.0,1201.55,1212.0,1.0,781.0,157.61,153.93,109.01,25.0,161.4525,300.3875,-138.935,1
221,2014-09,Australia,Saudi Arabia,3,2,0,1,0,84.0,390.2,391.0,-5.0,100.08,128.71,76.86,84.55,82.0,401.55,377.0,1.0,254.62,79.44,39.86,27.62,2.0,97.55000000000001,100.385,-2.8349999999999937,2
222,2014-09,South Korea,Uruguay,0,1,2,0,0,63.0,500.91,499.0,-6.0,204.49,93.85,117.05,85.52,7.0,1242.6,1316.0,-1.0,701.98,262.05,160.64,117.94,56.0,125.2275,310.65250000000003,-185.425,0
223,2014-09,Switzerland,England,0,2,2,0,1,10.0,1174.78,1218.0,-1.0,672.85,266.06,153.18,82.69,18.0,935.1,915.0,2.0,473.57,176.84,187.32,97.37,-8.0,293.69500000000005,233.775,59.920000000000044,0
224,2014-09,Egypt,Tunisia,0,1,2,0,1,61.0,513.05,645.0,-23.0,250.82,144.61,81.51,36.12,31.0,700.65,617.0,11.0,373.4,170.05,107.58,49.62,30.0,128.265,175.16250000000002,-46.897500000000036,0
225,2014-10,Sweden,Russia,1,1,2,0,1,39.0,645.91,662.0,-7.0,208.01,212.21,104.79,120.9,30.0,791.7,875.0,-7.0,355.96,163.48,182.0,90.26,9.0,161.4775,197.92499999999998,-36.44749999999999,1
226,2014-10,Saudi Arabia,Uruguay,1,1,2,0,0,97.0,340.65,402.0,-15.0,176.91,93.58,45.71,24.45,8.0,1184.11,1243.0,-1.0,622.61,308.45,124.3,128.75,89.0,85.1625,296.0275,-210.86499999999998,1
227,2014-10,Senegal,Tunisia,0,0,2,0,1,41.0,634.75,645.0,-5.0,366.78,134.24,49.3,84.43,31.0,780.49,701.0,0.0,463.62,168.18,100.84,47.85,10.0,158.6875,195.1225,-36.435,1
228,2014-10,Argentina,Brazil,0,2,0,1,0,2.0,1564.51,1631.0,0.0,949.24,291.82,242.96,80.49,6.0,1307.29,1291.0,0.0,799.92,312.06,117.44,77.87,-4.0,391.1275,326.8225,64.305,0
229,2014-10,France,Portugal,2,1,2,0,0,7.0,1191.23,1202.0,2.0,748.38,202.62,135.68,104.55,9.0,1174.69,1150.0,2.0,662.42,220.37,193.67,98.23,-2.0,297.8075,293.6725,4.134999999999991,2
230,2014-10,Poland,Germany,2,0,2,0,1,44.0,621.21,436.0,26.0,362.58,98.54,100.42,59.67,1.0,1668.83,1765.0,0.0,1038.02,283.32,225.3,122.19,43.0,155.30249999999998,417.2075,-261.905,2
231,2014-10,Mexico,Panama,1,0,2,0,0,17.0,954.49,963.0,-1.0,508.55,186.28,164.08,95.57,56.0,546.16,540.0,-1.0,191.36,196.21,93.53,65.06,-39.0,238.62,136.54000000000002,102.07999999999998,2
232,2014-10,Denmark,Portugal,0,1,2,0,1,32.0,763.21,833.0,-5.0,342.54,197.65,100.06,122.96,9.0,1174.69,1150.0,2.0,662.42,220.37,193.67,98.23,23.0,190.8025,293.6725,-102.87,0
233,2014-10,Japan,Brazil,0,4,0,1,0,52.0,558.79,557.0,-4.0,237.23,110.33,103.33,107.9,6.0,1307.29,1291.0,0.0,799.92,312.06,117.44,77.87,46.0,139.6975,326.8225,-187.125,0
234,2014-10,South Korea,Costa Rica,1,3,2,0,0,66.0,495.76,501.0,-3.0,202.52,102.08,100.03,91.14,16.0,974.01,988.0,-1.0,587.47,258.84,75.28,52.43,50.0,123.9425,243.50499999999997,-119.56249999999997,0
235,2014-10,Tunisia,Senegal,1,0,2,0,1,31.0,780.49,701.0,0.0,463.62,168.18,100.84,47.85,41.0,634.75,645.0,-5.0,366.78,134.24,49.3,84.43,-10.0,195.1225,158.6875,36.435,2
236,2014-11,Argentina,Croatia,2,1,0,1,0,2.0,1538.29,1565.0,0.0,937.59,295.45,220.13,85.12,19.0,946.45,1002.0,-5.0,459.98,215.14,157.66,113.66,-17.0,384.5725,236.60999999999999,147.9625,2
237,2014-11,Belgium,Iceland,3,1,2,0,0,4.0,1417.27,1388.0,0.0,849.03,326.46,162.65,79.12,33.0,760.94,816.0,-5.0,435.4,213.0,72.45,40.08,-29.0,354.31500000000005,190.23250000000002,164.08250000000004,2
238,2014-11,Uruguay,Costa Rica,3,3,2,0,0,10.0,1135.08,1184.0,-2.0,585.86,312.98,91.01,145.23,16.0,995.16,974.0,0.0,609.67,255.5,79.34,50.65,-6.0,283.77,248.79,34.97999999999999,1
239,2014-11,Serbia,Denmark,1,3,2,0,1,46.0,616.86,614.0,0.0,248.08,220.32,76.53,71.94,30.0,803.74,763.0,2.0,380.53,209.07,88.37,125.76,16.0,154.21749999999997,200.93249999999998,-46.715,0
240,2014-11,Egypt,Senegal,0,1,2,0,1,60.0,527.0,658.0,-22.0,222.65,191.51,72.62,40.22,35.0,733.84,635.0,6.0,466.48,141.18,44.56,81.63,25.0,131.75,183.4625,-51.712500000000006,0
241,2014-11,France,Sweden,1,0,2,0,0,7.0,1159.55,1191.0,0.0,700.29,217.61,144.39,97.26,43.0,645.95,646.0,-4.0,238.61,173.5,126.28,107.56,-36.0,289.8875,161.4875,128.39999999999998,2
242,2014-11,Iran,South Korea,1,0,2,0,0,56.0,546.56,560.0,-5.0,213.77,178.15,79.72,74.92,69.0,480.71,496.0,-3.0,188.04,113.22,92.44,87.02,-13.0,136.64,120.17999999999999,16.459999999999994,2
243,2014-11,Japan,Australia,2,1,2,0,0,53.0,563.27,559.0,-1.0,240.51,104.19,119.04,99.54,102.0,326.53,359.0,-8.0,47.49,104.39,90.72,83.94,-49.0,140.82,81.63499999999999,59.185,2
244,2014-11,Portugal,Argentina,1,0,0,1,0,7.0,1160.22,1175.0,2.0,570.26,305.65,172.1,112.21,2.0,1538.29,1565.0,0.0,937.59,295.45,220.13,85.12,5.0,290.055,384.5725,-94.51749999999998,2
245,2014-11,Spain,Germany,0,1,2,0,0,9.0,1141.56,1119.0,1.0,420.42,349.84,249.22,122.08,1.0,1725.29,1669.0,0.0,1090.54,283.42,229.76,121.58,8.0,285.39,431.325,-145.935,0
246,2014-11,Tunisia,Egypt,2,1,2,0,1,22.0,866.86,780.0,9.0,549.99,168.18,100.84,47.85,60.0,527.0,658.0,-22.0,222.65,191.51,72.62,40.22,-38.0,216.71500000000003,131.75,84.96500000000003,2
247,2015-01,South Korea,Saudi Arabia,2,0,0,1,0,69.0,487.02,481.0,0.0,191.91,113.22,92.44,89.45,102.0,318.19,323.0,0.0,112.77,147.04,26.36,32.02,-33.0,121.755,79.5475,42.207499999999996,2
248,2015-01,Australia,South Korea,0,1,2,0,1,100.0,328.54,324.0,0.0,47.49,118.79,74.1,88.16,69.0,487.02,481.0,0.0,191.91,113.22,92.44,89.45,31.0,82.13499999999999,121.755,-39.620000000000005,0
249,2015-01,Australia,South Korea,2,1,2,0,1,100.0,328.54,324.0,0.0,47.49,118.79,74.1,88.16,69.0,487.02,481.0,0.0,191.91,113.22,92.44,89.45,31.0,82.13499999999999,121.755,-39.620000000000005,2
250,2015-03,Germany,Australia,2,2,2,0,0,1.0,1770.06,1729.0,0.0,1126.04,283.79,241.52,118.7,65.0,549.18,548.0,-2.0,289.4,118.79,57.57,83.41,-64.0,442.5125,137.2925,305.22,1
251,2015-03,France,Brazil,1,3,2,0,0,8.0,1179.97,1168.0,0.0,709.6,241.36,131.66,97.36,6.0,1348.16,1333.0,0.0,823.82,344.15,89.83,90.36,2.0,294.995,337.03999999999996,-42.04499999999996,0
252,2015-03,Japan,Tunisia,2,0,2,0,0,53.0,617.48,605.0,2.0,329.67,104.63,129.78,53.4,25.0,881.34,860.0,1.0,557.4,168.81,99.67,55.45,28.0,154.37,220.3325,-65.9625,2
253,2015-03,Morocco,Uruguay,0,1,2,0,0,89.0,378.4,378.0,-1.0,155.55,97.36,64.69,60.79,9.0,1164.19,1146.0,0.0,621.6,317.6,86.57,138.43,80.0,94.59750000000001,291.05,-196.4525,0
254,2015-03,France,Denmark,2,0,2,0,0,8.0,1179.97,1168.0,0.0,709.6,241.36,131.66,97.36,28.0,863.25,846.0,0.0,428.1,221.75,87.64,125.76,-20.0,294.995,215.8125,79.1825,2
255,2015-03,Portugal,Serbia,2,1,2,0,1,7.0,1190.72,1189.0,0.0,583.04,323.55,169.31,114.81,40.0,709.26,723.0,-1.0,337.42,229.92,73.89,68.04,-33.0,297.67749999999995,177.3175,120.35999999999996,2
256,2015-03,Panama,Costa Rica,2,1,2,0,0,61.0,556.98,555.0,0.0,172.55,214.0,104.47,65.96,13.0,1094.65,1074.0,0.0,717.6,229.43,97.83,49.79,48.0,139.245,273.66249999999997,-134.41749999999996,2
257,2015-03,Sweden,Iran,3,1,2,0,0,45.0,662.84,654.0,-1.0,259.38,175.87,115.16,112.43,42.0,691.64,701.0,-1.0,350.23,207.05,76.61,57.76,3.0,165.70999999999998,172.9125,-7.202500000000015,2
258,2015-06,Colombia,Costa Rica,1,0,0,1,0,4.0,1434.92,1412.0,0.0,821.59,287.18,205.35,120.79,14.0,1056.16,1016.0,1.0,674.28,218.1,116.3,47.48,-10.0,358.72749999999996,264.03999999999996,94.6875,2
259,2015-06,Brazil,Mexico,2,0,2,0,0,5.0,1392.1,1372.0,0.0,813.06,410.34,81.69,87.01,23.0,926.19,908.0,-1.0,479.47,204.73,142.28,99.72,-18.0,348.025,231.55,116.47499999999997,2
260,2015-06,France,Belgium,3,4,2,0,0,9.0,1163.87,1127.0,2.0,704.66,224.59,135.35,99.27,2.0,1508.72,1457.0,1.0,961.05,278.7,222.11,46.86,7.0,290.9675,377.18,-86.21250000000003,0
261,2015-06,Spain,Costa Rica,2,1,2,0,0,10.0,1147.01,1132.0,0.0,443.99,332.0,273.74,97.29,14.0,1056.16,1016.0,1.0,674.28,218.1,116.3,47.48,-4.0,286.755,264.03999999999996,22.715000000000032,2
262,2015-06,Denmark,Serbia,2,0,2,0,1,29.0,807.8,808.0,0.0,401.06,176.18,114.94,115.62,45.0,672.56,664.0,-1.0,315.53,204.2,104.04,48.79,-16.0,201.95000000000002,168.14,33.81000000000003,2
263,2015-06,Brazil,Peru,2,1,0,1,1,5.0,1392.1,1372.0,0.0,813.06,410.34,81.69,87.01,61.0,546.3,532.0,2.0,229.3,105.77,130.18,81.05,-56.0,348.025,136.575,211.45,2
264,2015-06,Morocco,Tunisia,1,1,2,0,1,92.0,368.56,371.0,-2.0,146.08,98.33,65.3,58.85,29.0,807.87,793.0,2.0,493.39,143.34,107.07,64.07,63.0,92.14000000000001,201.96749999999997,-109.82749999999996,1
265,2015-06,Argentina,Uruguay,1,0,0,1,1,3.0,1496.26,1494.0,-1.0,919.87,256.49,210.62,109.28,8.0,1183.33,1176.0,0.0,618.27,335.67,81.27,148.12,-5.0,374.065,295.8325,78.23250000000002,2
266,2015-06,Brazil,Colombia,0,1,0,1,1,5.0,1392.1,1372.0,0.0,813.06,410.34,81.69,87.01,4.0,1434.92,1412.0,0.0,821.59,287.18,205.35,120.79,1.0,348.025,358.72749999999996,-10.702499999999986,0
267,2015-06,Colombia,Peru,0,0,0,1,1,4.0,1434.92,1412.0,0.0,821.59,287.18,205.35,120.79,61.0,546.3,532.0,2.0,229.3,105.77,130.18,81.05,-57.0,358.72749999999996,136.575,222.15249999999997,1
268,2015-06,Argentina,Colombia,0,0,0,1,1,3.0,1496.26,1494.0,-1.0,919.87,256.49,210.62,109.28,4.0,1434.92,1412.0,0.0,821.59,287.18,205.35,120.79,-1.0,374.065,358.72749999999996,15.337500000000034,1
269,2015-06,Mexico,Costa Rica,2,2,0,1,0,23.0,926.19,908.0,-1.0,479.47,204.73,142.28,99.72,14.0,1056.16,1016.0,1.0,674.28,218.1,116.3,47.48,9.0,231.55,264.03999999999996,-32.48999999999995,1
270,2015-07,Mexico,Costa Rica,1,0,0,1,1,40.0,696.81,926.0,-17.0,241.08,255.3,126.11,74.32,41.0,695.45,1056.0,-27.0,210.26,311.61,134.22,39.36,-1.0,174.2025,173.8625,0.339999999999975,2
271,2015-07,Panama,Mexico,1,2,0,1,1,62.0,549.0,597.0,-8.0,209.29,171.69,104.38,63.63,40.0,696.81,926.0,-17.0,241.08,255.3,126.11,74.32,22.0,137.2475,174.2025,-36.954999999999984,0
272,2015-08,Japan,South Korea,1,1,0,1,1,56.0,594.86,621.0,-6.0,318.72,121.58,81.52,73.05,54.0,599.17,608.0,-2.0,368.49,96.47,65.69,68.51,2.0,148.7175,149.79000000000002,-1.0725000000000193,1
273,2015-09,Germany,Poland,3,1,2,0,1,3.0,1248.04,1226.0,0.0,357.08,584.79,153.35,152.82,34.0,764.09,769.0,-1.0,524.06,98.18,80.4,61.45,-31.0,312.00999999999993,191.0225,120.98749999999993,2
274,2015-09,Portugal,France,0,1,2,0,0,6.0,1185.95,1177.0,0.0,600.93,316.52,133.45,135.06,24.0,893.18,882.0,-1.0,288.09,406.15,108.2,90.74,-18.0,296.48999999999995,223.29500000000002,73.19499999999994,0
275,2015-09,Costa Rica,Brazil,0,1,0,1,0,39.0,730.69,728.0,-1.0,210.8,345.07,136.32,38.5,5.0,1208.79,1186.0,0.0,558.94,388.21,182.89,78.75,34.0,182.6725,302.1975,-119.52499999999998,0
276,2015-09,Russia,Sweden,1,0,2,0,1,32.0,780.24,782.0,-1.0,322.79,211.27,143.09,103.09,36.0,756.27,752.0,1.0,404.51,157.5,100.96,93.31,-4.0,195.06000000000003,189.07,5.9900000000000375,2
277,2015-09,France,Serbia,2,1,2,0,0,24.0,893.18,882.0,-1.0,288.09,406.15,108.2,90.74,66.0,528.25,523.0,0.0,168.42,226.89,98.82,34.12,-42.0,223.29500000000002,132.06249999999997,91.23250000000004,2
278,2015-09,England,Switzerland,2,0,2,0,1,10.0,1142.82,1157.0,-2.0,705.38,204.2,101.67,131.58,17.0,1011.45,997.0,0.0,367.14,376.62,178.06,89.63,-7.0,285.7075,252.86249999999998,32.845,2
279,2015-09,Mexico,Argentina,2,2,0,1,0,26.0,847.89,838.0,0.0,375.76,248.99,140.34,82.81,1.0,1441.79,1425.0,0.0,599.7,529.35,195.03,117.72,25.0,211.97500000000002,360.45000000000005,-148.47500000000002,1
280,2015-10,Colombia,Peru,2,0,2,0,1,5.0,1227.66,1224.0,-1.0,455.3,436.51,188.73,147.12,50.0,623.33,628.0,-2.0,350.18,100.76,108.76,63.63,-45.0,306.91499999999996,155.8325,151.08249999999995,2
281,2015-10,Portugal,Denmark,1,0,2,0,1,4.0,1234.79,1186.0,2.0,670.77,314.46,113.81,135.75,28.0,835.05,901.0,-6.0,425.04,205.11,105.61,99.29,-24.0,308.6975,208.76250000000002,99.93499999999997,2
282,2015-10,Denmark,France,1,2,2,0,0,28.0,835.05,901.0,-6.0,425.04,205.11,105.61,99.29,22.0,899.14,893.0,2.0,311.45,390.5,94.57,102.62,6.0,208.76250000000002,224.785,-16.02249999999998,0
283,2015-10,Serbia,Portugal,1,2,2,0,1,63.0,537.57,528.0,3.0,225.34,164.82,101.52,45.9,4.0,1234.79,1186.0,2.0,670.77,314.46,113.81,135.75,59.0,134.39499999999998,308.6975,-174.3025,0
284,2015-10,Iran,Japan,1,1,2,0,0,39.0,703.03,716.0,1.0,417.97,127.78,107.4,49.88,55.0,581.87,570.0,3.0,320.8,115.0,74.89,71.18,-16.0,175.7575,145.4675,30.289999999999992,1
285,2015-10,Uruguay,Colombia,3,0,2,0,1,20.0,919.44,1002.0,-2.0,304.13,350.99,157.23,107.09,5.0,1227.66,1224.0,-1.0,455.3,436.51,188.73,147.12,15.0,229.86,306.91499999999996,-77.05499999999995,2
286,2015-10,Tunisia,Morocco,2,3,2,0,1,36.0,722.25,774.0,-3.0,361.8,186.7,102.03,71.72,80.0,407.09,391.0,5.0,235.31,50.9,80.83,40.05,-44.0,180.5625,101.7725,78.79,0
287,2015-11,Argentina,Brazil,1,1,2,0,1,3.0,1382.86,1419.0,-2.0,571.17,474.62,175.09,161.97,8.0,1207.69,1204.0,-1.0,542.21,399.96,187.23,78.29,-5.0,345.7125,301.9225,43.789999999999964,1
288,2015-11,France,Germany,2,0,2,0,0,24.0,881.04,899.0,-2.0,294.82,374.19,121.57,90.45,2.0,1388.4,1401.0,0.0,549.2,519.01,169.99,150.2,22.0,220.2575,347.1,-126.84250000000003,2
289,2015-11,Poland,Iceland,4,2,2,0,0,38.0,712.4,680.0,5.0,405.03,181.29,59.12,66.95,31.0,791.91,882.0,-8.0,366.76,242.98,131.83,50.33,7.0,178.0975,197.97500000000002,-19.877500000000026,2
290,2015-11,Spain,England,2,0,2,0,0,6.0,1286.53,1223.0,0.0,718.1,197.59,218.05,152.79,9.0,1179.13,1161.0,1.0,713.69,196.2,148.92,120.31,-3.0,321.6325,294.78000000000003,26.852499999999964,2
291,2015-11,Russia,Portugal,1,0,2,0,0,23.0,884.68,845.0,3.0,487.28,177.98,98.09,121.34,4.0,1364.3,1235.0,0.0,771.75,331.21,132.22,129.12,19.0,221.1725,341.07500000000005,-119.90250000000003,2
292,2015-11,Sweden,Denmark,2,1,2,0,1,45.0,646.88,672.0,0.0,345.69,104.01,127.33,69.86,35.0,743.25,835.0,-7.0,386.68,171.27,118.59,66.71,10.0,161.7225,185.81250000000003,-24.090000000000032,2
293,2015-11,Brazil,Peru,3,0,2,0,1,8.0,1207.69,1204.0,-1.0,542.21,399.96,187.23,78.29,57.0,582.64,623.0,-7.0,321.84,104.46,109.38,46.96,-49.0,301.9225,145.66,156.26250000000002,2
294,2015-11,Colombia,Argentina,0,1,2,0,1,7.0,1232.88,1228.0,-2.0,500.95,395.15,190.85,145.94,3.0,1382.86,1419.0,-2.0,571.17,474.62,175.09,161.97,4.0,308.22249999999997,345.7125,-37.49000000000001,0
295,2015-11,Denmark,Sweden,2,2,2,0,1,35.0,743.25,835.0,-7.0,386.68,171.27,118.59,66.71,45.0,646.88,672.0,0.0,345.69,104.01,127.33,69.86,-10.0,185.81250000000003,161.7225,24.090000000000032,1
296,2015-11,England,France,2,0,2,0,0,9.0,1179.13,1161.0,1.0,713.69,196.2,148.92,120.31,24.0,881.04,899.0,-2.0,294.82,374.19,121.57,90.45,-15.0,294.78000000000003,220.2575,74.52250000000004,2
297,2015-11,Russia,Croatia,1,3,2,0,0,23.0,884.68,845.0,3.0,487.28,177.98,98.09,121.34,19.0,923.54,965.0,-3.0,424.46,274.67,108.7,115.71,4.0,221.1725,230.88500000000002,-9.712500000000006,0
298,2016-01,Tunisia,Nigeria,1,1,0,1,1,40.0,710.98,711.0,0.0,267.41,275.0,102.06,66.51,66.0,539.77,541.0,0.0,202.38,155.69,127.09,54.61,-26.0,177.745,134.9425,42.80250000000001,1
299,2016-03,Poland,Serbia,1,0,2,0,0,31.0,789.26,787.0,3.0,435.41,227.9,66.67,59.27,50.0,595.57,590.0,1.0,296.07,110.26,139.98,49.26,-19.0,197.3125,148.89249999999998,48.420000000000016,2
300,2016-03,Denmark,Iceland,2,1,2,0,0,40.0,705.75,692.0,0.0,310.7,190.27,146.36,58.43,38.0,741.41,724.0,0.0,347.82,212.12,127.8,53.67,2.0,176.44,185.3525,-8.912499999999994,2
301,2016-03,Brazil,Uruguay,2,2,2,0,1,6.0,1254.25,1251.0,0.0,584.7,398.02,211.64,59.89,11.0,1082.47,1074.0,0.0,532.3,292.93,199.53,57.71,-5.0,313.56250000000006,270.6175,42.94500000000005,1
302,2016-03,Nigeria,Egypt,1,1,2,0,1,62.0,546.82,543.0,1.0,186.39,175.82,82.67,101.93,53.0,589.29,571.0,2.0,276.8,111.33,157.99,43.17,9.0,136.7025,147.3225,-10.620000000000005,1
303,2016-03,Germany,England,2,3,2,0,0,4.0,1355.48,1347.0,0.0,478.66,545.27,170.54,161.01,9.0,1111.63,1106.0,0.0,595.78,261.66,134.03,120.15,-5.0,338.87,277.90500000000003,60.964999999999975,0
304,2016-03,Egypt,Nigeria,1,0,2,0,1,53.0,589.29,571.0,2.0,276.8,111.33,157.99,43.17,62.0,546.82,543.0,1.0,186.39,175.82,82.67,101.93,-9.0,147.3225,136.7025,10.620000000000005,2
305,2016-03,France,Russia,4,2,2,0,0,24.0,871.12,868.0,0.0,290.76,350.15,142.44,87.77,23.0,891.57,895.0,0.0,500.94,173.04,100.69,116.9,1.0,217.77999999999997,222.8925,-5.11250000000004,2
306,2016-03,Portugal,Belgium,2,1,2,0,0,7.0,1233.94,1219.0,0.0,635.88,285.13,200.06,112.88,1.0,1505.58,1494.0,0.0,764.94,424.52,201.43,114.7,6.0,308.48749999999995,376.39750000000004,-67.91000000000008,2
307,2016-03,Uruguay,Peru,1,0,2,0,1,11.0,1082.47,1074.0,0.0,532.3,292.93,199.53,57.71,42.0,646.04,644.0,1.0,377.23,101.91,115.64,51.26,-31.0,270.6175,161.51,109.10750000000002,2
308,2016-05,England,Australia,2,1,2,0,0,10.0,1069.34,1069.0,0.0,556.48,258.51,139.49,114.87,50.0,600.64,601.0,0.0,353.81,136.09,72.19,38.56,-40.0,267.3375,150.16249999999997,117.17500000000001,2
309,2016-05,Switzerland,Belgium,1,2,2,0,0,14.0,974.11,974.0,0.0,390.85,272.83,203.42,107.01,2.0,1364.41,1352.0,0.0,592.33,464.95,165.79,141.33,12.0,243.5275,341.09999999999997,-97.57249999999996,0
310,2016-06,Spain,South Korea,6,1,0,1,0,6.0,1266.6,1277.0,0.0,669.64,221.99,199.2,175.76,50.0,603.04,591.0,4.0,316.17,164.91,61.69,60.26,-44.0,316.6475,150.7575,165.89,2
311,2016-06,England,Portugal,1,0,2,0,0,11.0,1069.42,1069.0,-1.0,544.52,260.16,159.38,105.36,8.0,1181.43,1184.0,0.0,564.84,308.81,191.19,116.59,3.0,267.355,295.3575,-28.002499999999998,2
312,2016-06,Mexico,Uruguay,3,1,0,1,1,16.0,941.96,938.0,0.0,492.9,224.75,128.42,95.89,9.0,1149.6,1158.0,0.0,582.68,309.13,201.4,56.39,7.0,235.48999999999998,287.40000000000003,-51.91000000000005,2
313,2016-06,Russia,Serbia,1,1,0,1,0,29.0,828.24,821.0,-2.0,419.66,183.7,107.88,117.0,54.0,575.85,581.0,2.0,305.76,78.21,122.52,69.36,-25.0,207.06,143.96249999999998,63.097500000000025,1
314,2016-06,Argentina,Panama,5,0,0,1,1,1.0,1503.35,1532.0,0.0,741.1,459.93,153.9,148.42,56.0,571.51,593.0,-4.0,271.42,106.85,121.43,71.8,-55.0,375.83750000000003,142.875,232.96250000000003,2
315,2016-06,Colombia,Costa Rica,2,3,0,1,1,3.0,1328.16,1337.0,1.0,597.24,410.79,172.31,147.81,23.0,852.51,829.0,2.0,306.98,337.14,130.86,77.53,-20.0,332.03749999999997,213.1275,118.90999999999997,0
316,2016-06,England,Russia,1,1,0,1,1,11.0,1069.42,1069.0,-1.0,544.52,260.16,159.38,105.36,29.0,828.24,821.0,-2.0,419.66,183.7,107.88,117.0,-18.0,267.355,207.06,60.295000000000016,1
317,2016-06,Brazil,Peru,0,1,0,1,1,7.0,1256.82,1261.0,0.0,555.56,396.63,253.58,51.06,48.0,622.71,631.0,-2.0,369.85,101.91,71.4,79.55,-41.0,314.2075,155.67749999999998,158.53,0
318,2016-06,Portugal,Iceland,1,1,0,1,1,8.0,1181.43,1184.0,0.0,564.84,308.81,191.19,116.59,34.0,751.18,724.0,1.0,339.98,232.73,91.09,87.38,-26.0,295.3575,187.79500000000002,107.5625,1
319,2016-06,Germany,Poland,0,0,0,1,1,4.0,1310.49,1309.0,1.0,412.01,576.56,167.81,154.13,27.0,842.23,821.0,0.0,450.51,277.02,62.58,52.11,-23.0,327.62749999999994,210.555,117.07249999999993,1
320,2016-06,Peru,Colombia,0,0,0,1,1,48.0,622.71,631.0,-2.0,369.85,101.91,71.4,79.55,3.0,1328.16,1337.0,1.0,597.24,410.79,172.31,147.81,45.0,155.67749999999998,332.03749999999997,-176.35999999999999,1
321,2016-06,France,Switzerland,0,0,2,0,1,17.0,924.51,907.0,4.0,347.19,352.33,134.75,90.24,15.0,947.82,974.0,-1.0,355.32,281.58,192.0,118.92,2.0,231.1275,236.95499999999998,-5.827499999999986,1
322,2016-06,Croatia,Spain,2,1,0,1,1,27.0,842.45,856.0,-4.0,356.79,268.07,84.07,133.52,6.0,1266.6,1277.0,0.0,669.64,221.99,199.2,175.76,21.0,210.6125,316.6475,-106.03499999999997,2
323,2016-06,Sweden,Belgium,0,1,0,1,1,35.0,735.06,713.0,1.0,378.28,186.09,94.62,76.07,2.0,1383.71,1364.0,0.0,587.9,480.53,167.22,148.07,33.0,183.765,345.92999999999995,-162.16499999999996,0
324,2016-06,Croatia,Portugal,0,1,0,1,1,27.0,842.45,856.0,-4.0,356.79,268.07,84.07,133.52,8.0,1181.43,1184.0,0.0,564.84,308.81,191.19,116.59,19.0,210.6125,295.3575,-84.745,0
325,2016-06,Switzerland,Poland,1,1,0,1,1,15.0,947.82,974.0,-1.0,355.32,281.58,192.0,118.92,27.0,842.23,821.0,0.0,450.51,277.02,62.58,52.11,-12.0,236.95499999999998,210.555,26.399999999999977,1
326,2016-06,England,Iceland,1,2,0,1,1,11.0,1069.42,1069.0,-1.0,544.52,260.16,159.38,105.36,34.0,751.18,724.0,1.0,339.98,232.73,91.09,87.38,-23.0,267.355,187.79500000000002,79.56,0
327,2016-06,Poland,Portugal,1,1,0,1,1,27.0,842.23,821.0,0.0,450.51,277.02,62.58,52.11,8.0,1181.43,1184.0,0.0,564.84,308.81,191.19,116.59,19.0,210.555,295.3575,-84.80250000000001,1
328,2016-07,France,Iceland,5,2,2,0,1,7.0,1188.71,925.0,10.0,740.4,144.05,232.02,72.25,22.0,870.84,751.0,12.0,407.99,285.74,99.44,77.67,-15.0,297.18,217.71,79.47,2
329,2016-07,France,Germany,2,0,2,0,1,7.0,1188.71,925.0,10.0,740.4,144.05,232.02,72.25,4.0,1319.48,1310.0,0.0,707.55,178.54,333.89,99.49,3.0,297.18,329.8675,-32.6875,2
330,2016-07,France,Portugal,0,1,2,0,1,7.0,1188.71,925.0,10.0,740.4,144.05,232.02,72.25,6.0,1265.74,1181.0,2.0,691.85,300.47,180.52,92.91,1.0,297.18,316.43750000000006,-19.25750000000005,0
331,2016-09,Argentina,Uruguay,1,0,2,0,1,1.0,1645.74,1585.0,0.0,928.24,278.63,306.9,131.98,9.0,1173.1,1130.0,3.0,705.62,152.06,210.59,104.82,-8.0,411.4375,293.2725,118.16500000000002,2
332,2016-09,Belgium,Spain,0,2,2,0,0,2.0,1369.36,1401.0,0.0,614.12,327.39,256.3,171.55,11.0,1140.65,1165.0,-3.0,551.09,299.28,149.39,140.9,-9.0,342.34,285.165,57.174999999999955,0
333,2016-09,Brazil,Colombia,2,1,2,0,1,4.0,1322.76,1156.0,5.0,690.26,272.29,235.11,125.1,4.0,1323.23,1331.0,-1.0,707.86,227.65,261.91,125.82,0.0,330.68999999999994,330.81,-0.12000000000006139,2
334,2016-09,Costa Rica,Panama,3,1,2,0,1,18.0,942.86,883.0,3.0,557.93,94.16,185.91,104.86,62.0,538.69,508.0,7.0,278.34,127.08,51.03,82.24,-44.0,235.71499999999997,134.67249999999999,101.04249999999999,2
335,2016-09,Switzerland,Portugal,2,0,2,0,1,16.0,1020.06,957.0,2.0,489.02,222.76,201.85,106.43,7.0,1227.84,1266.0,-1.0,627.91,335.39,188.67,75.88,9.0,255.015,306.9625,-51.94749999999999,2
336,2016-10,Peru,Argentina,2,2,2,0,1,23.0,865.39,841.0,2.0,568.87,160.92,62.68,72.92,1.0,1621.32,1646.0,0.0,934.24,285.59,284.77,116.73,22.0,216.34749999999997,405.3325,-188.985,1
337,2016-10,Saudi Arabia,Australia,2,2,2,0,1,54.0,593.21,588.0,-2.0,381.56,121.15,53.07,37.43,40.0,663.43,643.0,5.0,390.38,205.11,26.28,41.66,14.0,148.3025,165.8575,-17.55499999999998,1
338,2016-10,Poland,Denmark,3,2,2,0,1,15.0,1029.14,984.0,2.0,678.43,202.52,108.77,39.42,50.0,605.98,637.0,-4.0,230.82,193.34,102.76,79.06,-35.0,257.28499999999997,151.495,105.78999999999996,2
339,2016-10,Russia,Costa Rica,3,4,2,0,0,53.0,593.85,685.0,-15.0,178.04,243.64,106.79,65.39,18.0,971.09,943.0,0.0,605.35,85.96,176.24,103.54,35.0,148.46499999999997,242.7725,-94.30750000000003,0
340,2016-10,Australia,Japan,1,1,2,0,1,40.0,663.43,643.0,5.0,390.38,205.11,26.28,41.66,51.0,601.08,574.0,5.0,310.71,171.36,74.88,44.13,-11.0,165.8575,150.27,15.587499999999977,1
341,2016-10,Colombia,Uruguay,2,2,2,0,1,5.0,1361.48,1323.0,-1.0,746.69,250.47,237.09,127.23,9.0,1174.8,1173.0,0.0,628.96,235.68,186.78,123.38,-4.0,340.37,293.70000000000005,46.66999999999996,1
342,2016-10,Iran,South Korea,1,0,2,0,1,27.0,837.37,712.0,10.0,515.53,189.58,72.91,59.35,44.0,640.04,634.0,3.0,350.08,188.36,60.76,40.83,-17.0,209.3425,160.00750000000002,49.33499999999998,2
343,2016-10,Mexico,Panama,1,0,0,1,0,17.0,1000.96,1057.0,-2.0,570.94,202.94,152.57,74.51,63.0,551.23,539.0,-1.0,295.74,119.6,57.41,78.48,-46.0,250.24,137.8075,112.4325,2
344,2016-11,Brazil,Argentina,3,0,2,0,1,2.0,1544.05,1410.0,1.0,879.22,292.35,238.81,133.67,1.0,1634.02,1621.0,0.0,903.24,331.33,281.28,118.18,1.0,386.01250000000005,408.5075,-22.494999999999948,2
345,2016-11,France,Sweden,2,1,2,0,1,7.0,1305.41,1271.0,0.0,862.9,145.38,210.09,87.04,41.0,675.35,715.0,-2.0,302.57,231.8,71.58,69.4,-34.0,326.35249999999996,168.8375,157.51499999999996,2
346,2016-11,Croatia,Iceland,2,0,2,0,1,14.0,1103.27,1027.0,2.0,632.53,246.69,137.99,86.06,21.0,889.28,898.0,0.0,490.08,183.38,130.62,85.2,-7.0,275.8175,222.32000000000002,53.497499999999974,2
347,2016-11,Argentina,Colombia,3,0,2,0,1,1.0,1634.02,1621.0,0.0,903.24,331.33,281.28,118.18,6.0,1344.7,1361.0,-1.0,746.52,229.92,241.79,126.46,-5.0,408.5075,336.1725,72.33499999999998,2
348,2016-11,England,Spain,2,2,2,0,0,13.0,1114.45,1090.0,-1.0,568.56,297.89,156.99,91.01,10.0,1165.66,1168.0,0.0,507.92,391.69,126.12,139.94,3.0,278.6125,291.4175,-12.805000000000007,1
349,2016-11,Japan,Saudi Arabia,2,1,2,0,1,45.0,644.3,601.0,6.0,358.14,172.34,72.15,41.67,56.0,588.86,593.0,-2.0,372.94,128.1,43.06,44.77,-11.0,161.075,147.21749999999997,13.857500000000016,2
350,2016-11,Panama,Mexico,0,0,2,0,1,58.0,584.11,551.0,5.0,310.08,134.87,56.94,82.22,18.0,1012.0,1001.0,-1.0,575.48,220.48,134.36,81.69,40.0,146.0275,253.0025,-106.975,1
351,2016-11,Peru,Brazil,0,2,2,0,1,19.0,965.37,865.0,4.0,638.51,188.62,61.15,77.09,2.0,1544.05,1410.0,1.0,879.22,292.35,238.81,133.67,17.0,241.3425,386.01250000000005,-144.67000000000004,0
352,2017-01,Egypt,Tunisia,1,0,2,0,0,35.0,726.46,719.0,1.0,421.02,154.38,66.8,84.26,36.0,713.44,738.0,-1.0,339.51,133.71,165.0,75.23,-1.0,181.61499999999998,178.3625,3.2524999999999693,2
353,2017-01,Tunisia,Senegal,0,2,0,1,1,36.0,713.44,738.0,-1.0,339.51,133.71,165.0,75.23,33.0,742.68,755.0,0.0,389.73,156.54,139.94,56.47,3.0,178.3625,185.67000000000002,-7.3075000000000045,0
354,2017-01,Panama,Costa Rica,1,0,2,0,1,58.0,582.37,584.0,0.0,303.55,138.71,56.94,83.16,17.0,1040.55,1041.0,0.0,631.38,124.07,182.9,102.2,41.0,145.59,260.1375,-114.54749999999999,2
355,2017-01,Brazil,Colombia,1,0,2,0,0,2.0,1544.05,1544.0,0.0,879.22,292.35,238.81,133.67,6.0,1344.7,1345.0,0.0,746.52,229.92,241.79,126.46,-4.0,386.01250000000005,336.1725,49.84000000000003,2
356,2017-01,Egypt,Morocco,1,0,0,1,1,35.0,726.46,719.0,1.0,421.02,154.38,66.8,84.26,57.0,587.28,587.0,0.0,354.31,140.29,43.88,48.79,-22.0,181.61499999999998,146.8175,34.797499999999985,2
357,2017-02,Mexico,Iceland,1,0,0,1,0,17.0,1016.05,1012.0,1.0,575.48,220.48,135.56,84.53,20.0,898.66,889.0,1.0,512.28,173.91,127.27,85.2,-3.0,254.0125,224.665,29.347499999999997,2
358,2017-03,Germany,England,1,0,2,0,0,3.0,1443.34,1433.0,0.0,752.68,239.33,337.81,113.52,14.0,1113.93,1113.0,-1.0,568.56,297.89,156.58,90.91,-11.0,360.835,278.485,82.34999999999997,2
359,2017-03,Nigeria,Senegal,1,1,0,1,0,41.0,685.17,686.0,0.0,432.93,88.11,110.01,54.12,28.0,831.04,799.0,3.0,507.35,114.94,155.49,53.25,13.0,171.2925,207.7575,-36.465,1
360,2017-03,Uruguay,Brazil,1,4,2,0,1,9.0,1199.88,1195.0,0.0,620.21,266.15,186.48,127.04,2.0,1533.51,1529.0,0.0,856.36,292.35,247.15,137.66,7.0,299.96999999999997,383.38000000000005,-83.41000000000008,0
361,2017-03,Mexico,Costa Rica,2,0,2,0,1,17.0,1025.72,1016.0,0.0,582.25,219.53,141.94,82.02,19.0,953.48,948.0,0.0,530.11,116.31,215.28,91.77,-2.0,256.435,238.3675,18.067499999999995,2
362,2017-03,France,Spain,0,2,2,0,0,6.0,1317.7,1313.0,0.0,862.9,145.38,212.88,96.54,10.0,1161.72,1168.0,0.0,507.92,391.69,121.88,140.24,-4.0,329.42499999999995,290.4325,38.99249999999995,0
363,2017-03,Morocco,Tunisia,1,0,2,0,0,49.0,660.74,660.0,-1.0,452.5,122.63,46.67,38.94,37.0,774.43,769.0,-1.0,453.67,86.02,167.22,67.53,12.0,165.185,193.61,-28.42500000000001,2
364,2017-03,Peru,Uruguay,2,1,2,0,1,18.0,965.37,965.0,0.0,638.51,188.62,61.15,77.09,9.0,1199.88,1195.0,0.0,620.21,266.15,186.48,127.04,9.0,241.3425,299.96999999999997,-58.62749999999997,2
365,2017-03,Portugal,Sweden,2,3,2,0,0,8.0,1240.12,1240.0,0.0,617.85,317.94,174.91,129.42,45.0,681.97,679.0,-1.0,302.57,231.24,77.81,70.35,-37.0,310.03000000000003,170.49249999999998,139.53750000000005,0
366,2017-03,Russia,Belgium,3,3,2,0,0,60.0,591.42,592.0,1.0,170.61,250.47,99.73,70.62,5.0,1379.37,1371.0,0.0,600.01,382.47,271.82,125.07,55.0,147.85750000000002,344.8425,-196.98499999999996,1
367,2017-05,Mexico,Croatia,1,2,0,1,0,16.0,1075.5,1072.0,0.0,612.85,242.84,136.6,83.22,18.0,1016.34,1016.0,0.0,613.87,191.41,157.28,53.79,-2.0,268.8775,254.08749999999998,14.79000000000002,0
368,2017-06,Denmark,Germany,1,1,2,0,0,51.0,660.02,657.0,0.0,313.01,156.22,120.32,70.47,3.0,1511.44,1464.0,0.0,857.8,206.0,345.94,101.7,48.0,165.005,377.86,-212.85500000000002,1
369,2017-06,Spain,Colombia,2,2,2,0,0,10.0,1198.19,1204.0,0.0,597.37,334.82,133.2,132.8,5.0,1365.63,1348.0,0.0,705.66,298.62,246.48,114.87,5.0,299.5475,341.4075,-41.860000000000014,1
370,2017-06,Australia,Saudi Arabia,3,2,2,0,1,48.0,681.26,661.0,2.0,393.55,157.25,84.41,46.05,53.0,635.74,646.0,-1.0,360.2,190.45,40.53,44.56,-5.0,170.31499999999997,158.935,11.379999999999967,2
371,2017-06,Costa Rica,Panama,0,0,2,0,1,19.0,912.74,902.0,1.0,477.4,153.49,188.8,93.06,59.0,626.08,607.0,-2.0,351.09,135.71,64.11,75.17,-40.0,228.1875,156.51999999999998,71.66750000000002,1
372,2017-06,Argentina,Brazil,1,0,0,1,0,2.0,1626.23,1603.0,0.0,877.12,370.55,275.96,102.6,1.0,1715.02,1672.0,0.0,1038.91,277.78,237.98,160.36,1.0,406.5575,428.75750000000005,-22.200000000000045,2
373,2017-06,Sweden,France,2,1,2,0,1,34.0,792.81,768.0,0.0,439.7,178.38,111.66,63.08,6.0,1332.16,1294.0,0.0,855.3,175.63,211.4,89.84,28.0,198.20499999999998,333.04249999999996,-134.83749999999998,2
374,2017-06,Iceland,Croatia,1,0,2,0,1,22.0,876.96,872.0,-1.0,506.6,169.99,139.64,60.73,18.0,1033.11,1016.0,0.0,637.83,178.39,160.84,56.05,4.0,219.24,258.27750000000003,-39.03750000000002,2
375,2017-06,Australia,Brazil,0,4,2,0,0,48.0,681.26,661.0,2.0,393.55,157.25,84.41,46.05,1.0,1715.02,1672.0,0.0,1038.91,277.78,237.98,160.36,47.0,170.31499999999997,428.75750000000005,-258.4425000000001,0
376,2017-06,France,England,3,2,2,0,0,6.0,1332.16,1294.0,0.0,855.3,175.63,211.4,89.84,13.0,1119.17,1103.0,1.0,591.57,272.26,156.1,99.25,-7.0,333.04249999999996,279.795,53.247499999999945,2
377,2017-06,Portugal,Mexico,2,2,0,1,1,8.0,1266.76,1259.0,0.0,671.59,282.42,185.29,127.46,17.0,1049.98,1076.0,-1.0,583.06,246.45,134.85,85.61,-9.0,316.69,262.4925,54.19749999999999,1
378,2017-06,Australia,Germany,2,3,0,1,1,48.0,681.26,661.0,2.0,393.55,157.25,84.41,46.05,3.0,1511.44,1464.0,0.0,857.8,206.0,345.94,101.7,45.0,170.31499999999997,377.86,-207.54500000000004,0
379,2017-06,Russia,Portugal,0,1,2,0,1,63.0,560.85,561.0,-2.0,168.88,209.83,110.22,71.92,8.0,1266.76,1259.0,0.0,671.59,282.42,185.29,127.46,55.0,140.2125,316.69,-176.4775,0
380,2017-06,Russia,Mexico,1,2,2,0,1,63.0,560.85,561.0,-2.0,168.88,209.83,110.22,71.92,17.0,1049.98,1076.0,-1.0,583.06,246.45,134.85,85.61,46.0,140.2125,262.4925,-122.28,0
381,2017-06,Germany,Mexico,4,1,0,1,1,3.0,1511.44,1464.0,0.0,857.8,206.0,345.94,101.7,17.0,1049.98,1076.0,-1.0,583.06,246.45,134.85,85.61,-14.0,377.86,262.4925,115.3675,2
382,2017-07,Portugal,Mexico,2,1,0,1,1,4.0,1332.14,1267.0,4.0,741.75,289.76,180.28,120.35,16.0,1002.72,1050.0,1.0,504.72,328.19,72.32,97.48,-12.0,333.03499999999997,250.6775,82.35749999999996,2
383,2017-07,Costa Rica,Panama,1,0,0,1,1,26.0,838.6,913.0,-7.0,440.85,210.03,63.08,124.64,52.0,652.66,626.0,7.0,353.2,148.32,62.79,88.35,-26.0,209.65,163.165,46.485000000000014,2
384,2017-08,Japan,Australia,2,0,2,0,1,44.0,696.23,684.0,2.0,399.16,160.07,88.37,48.63,45.0,690.52,689.0,0.0,417.48,147.67,109.32,16.05,-1.0,174.0575,172.63,1.427500000000009,2
385,2017-08,South Korea,Iran,0,0,2,0,1,49.0,673.85,662.0,2.0,364.86,168.53,101.86,38.59,24.0,893.03,893.0,-1.0,551.38,159.38,131.15,51.11,25.0,168.46,223.255,-54.79499999999999,1
386,2017-08,Uruguay,Argentina,0,0,2,0,1,17.0,995.38,995.0,0.0,408.25,319.74,102.2,165.19,3.0,1399.02,1413.0,0.0,590.38,422.95,179.91,205.78,14.0,248.84500000000003,349.755,-100.90999999999997,1
387,2017-09,Denmark,Poland,4,0,2,0,1,26.0,848.23,683.0,20.0,523.27,115.41,127.51,82.04,6.0,1249.9,1319.0,-1.0,754.32,327.9,137.57,30.11,20.0,212.05749999999998,312.47499999999997,-100.41749999999999,2
388,2017-09,Mexico,Panama,1,0,2,0,1,14.0,1085.38,1046.0,0.0,550.4,319.3,109.82,105.85,60.0,618.19,592.0,1.0,368.75,139.17,76.25,34.02,-46.0,271.3425,154.54749999999999,116.79499999999999,2
389,2017-09,Colombia,Brazil,1,1,2,0,1,10.0,1190.83,1208.0,-2.0,525.7,353.93,136.59,174.6,2.0,1589.68,1604.0,-1.0,924.44,345.13,163.38,156.74,8.0,297.70500000000004,397.42250000000007,-99.71750000000003,1
390,2017-09,Costa Rica,Mexico,1,1,2,0,1,21.0,935.88,918.0,0.0,476.47,278.97,56.49,123.94,14.0,1085.38,1046.0,0.0,550.4,319.3,109.82,105.85,7.0,233.96750000000003,271.3425,-37.37499999999994,1
391,2017-09,Saudi Arabia,Japan,1,0,2,0,1,53.0,641.03,601.0,6.0,340.44,192.45,57.22,50.92,40.0,736.53,696.0,4.0,446.97,147.32,96.24,46.0,13.0,160.2575,184.1325,-23.875,2
392,2017-10,Argentina,Peru,0,0,2,0,1,4.0,1444.69,1325.0,0.0,616.38,467.12,171.35,189.85,10.0,1159.94,1103.0,2.0,705.03,316.58,96.55,41.78,-6.0,361.17499999999995,289.98499999999996,71.19,1
393,2017-10,Russia,South Korea,4,2,2,0,0,65.0,562.64,558.0,-1.0,256.25,89.02,146.18,71.19,62.0,588.45,659.0,-11.0,259.89,175.04,113.02,40.5,3.0,140.66,147.11249999999998,-6.452499999999986,2
394,2017-10,South Korea,Morocco,1,3,0,1,0,62.0,588.45,659.0,-11.0,259.89,175.04,113.02,40.5,48.0,679.76,635.0,8.0,404.44,182.32,69.5,23.49,14.0,147.11249999999998,169.9375,-22.825000000000017,0
395,2017-10,Panama,Costa Rica,2,1,2,0,1,49.0,669.56,618.0,11.0,411.66,147.87,71.76,38.27,22.0,913.7,936.0,-1.0,441.96,302.67,51.58,117.49,27.0,167.39,228.425,-61.035000000000025,2
396,2017-10,Peru,Colombia,1,1,2,0,1,10.0,1159.94,1103.0,2.0,705.03,316.58,96.55,41.78,13.0,1094.89,1191.0,-3.0,413.2,373.34,150.28,158.06,-3.0,289.98499999999996,273.71999999999997,16.264999999999986,1
397,2017-10,Portugal,Switzerland,2,0,2,0,1,3.0,1446.38,1386.0,0.0,803.48,278.89,231.53,132.48,11.0,1134.5,1210.0,-4.0,615.16,263.64,158.82,96.87,-8.0,361.59499999999997,283.62249999999995,77.97250000000003,2
398,2017-10,Russia,Iran,1,1,2,0,0,65.0,562.64,558.0,-1.0,256.25,89.02,146.18,71.19,34.0,784.25,865.0,-9.0,364.13,257.77,113.75,48.6,31.0,140.66,196.0625,-55.4025,1
399,2017-11,Iran,Panama,2,1,0,1,0,32.0,797.79,784.0,2.0,405.04,234.07,115.92,42.75,56.0,620.91,670.0,-7.0,346.99,155.04,80.92,37.96,-24.0,199.445,155.2275,44.2175,2
400,2017-11,Belgium,Mexico,3,3,2,0,0,5.0,1325.29,1333.0,0.0,626.0,300.0,229.48,169.81,16.0,1032.32,1060.0,0.0,522.73,287.74,132.29,89.57,-11.0,331.3225,258.0825,73.24000000000001,1
401,2017-11,England,Germany,0,0,2,0,0,15.0,1046.98,1116.0,-3.0,479.31,284.28,178.73,104.66,1.0,1601.91,1631.0,0.0,863.86,376.34,143.6,218.11,14.0,261.745,400.47749999999996,-138.73249999999996,1
402,2017-11,Japan,Brazil,1,3,0,1,0,55.0,622.63,711.0,-11.0,292.06,179.07,103.4,48.1,2.0,1482.53,1619.0,0.0,708.3,439.61,175.41,159.21,53.0,155.6575,370.6325,-214.975,0
403,2017-11,South Korea,Colombia,2,1,2,0,0,59.0,563.0,588.0,3.0,206.83,200.54,118.01,37.61,13.0,1077.6,1095.0,0.0,405.19,373.26,137.95,161.19,46.0,140.7475,269.39750000000004,-128.65000000000003,2
404,2017-11,Poland,Uruguay,0,0,2,0,0,7.0,1208.96,1323.0,-1.0,639.96,351.13,130.62,87.24,21.0,924.02,1034.0,-4.0,337.05,310.1,159.69,117.17,-14.0,302.2375,231.00250000000003,71.23499999999999,1
405,2017-11,Portugal,Saudi Arabia,3,0,2,0,0,3.0,1357.89,1446.0,0.0,744.16,308.92,190.76,114.05,63.0,538.79,576.0,0.0,246.75,186.47,76.86,28.71,-60.0,339.47249999999997,134.69750000000002,204.77499999999995,2
406,2017-11,Russia,Argentina,0,1,2,0,0,65.0,533.51,563.0,0.0,228.71,85.31,150.28,69.22,4.0,1348.36,1445.0,0.0,510.42,451.62,198.8,187.52,61.0,133.38,337.09,-203.70999999999998,0
407,2017-11,Spain,Costa Rica,5,0,2,0,0,6.0,1230.83,1218.0,2.0,657.78,253.96,235.01,84.08,26.0,849.67,914.0,-4.0,337.61,315.69,74.44,121.93,-20.0,307.7075,212.41750000000002,95.28999999999996,2
408,2017-11,Poland,Mexico,0,1,2,0,0,7.0,1208.96,1323.0,-1.0,639.96,351.13,130.62,87.24,16.0,1032.32,1060.0,0.0,522.73,287.74,132.29,89.57,-9.0,302.2375,258.0825,44.15500000000003,0
409,2017-11,Argentina,Nigeria,2,4,0,1,0,4.0,1348.36,1445.0,0.0,510.42,451.62,198.8,187.52,50.0,671.07,721.0,-9.0,381.21,170.69,57.22,61.94,-46.0,337.09,167.765,169.325,0
410,2017-11,Belgium,Japan,1,0,2,0,0,5.0,1325.29,1333.0,0.0,626.0,300.0,229.48,169.81,55.0,622.63,711.0,-11.0,292.06,179.07,103.4,48.1,-50.0,331.3225,155.6575,175.665,2
411,2017-11,England,Brazil,0,0,2,0,0,15.0,1046.98,1116.0,-3.0,479.31,284.28,178.73,104.66,2.0,1482.53,1619.0,0.0,708.3,439.61,175.41,159.21,13.0,261.745,370.6325,-108.88749999999999,1
412,2017-11,Germany,France,2,2,2,0,0,1.0,1601.91,1631.0,0.0,863.86,376.34,143.6,218.11,9.0,1183.3,1226.0,-2.0,524.56,431.45,87.23,140.06,-8.0,400.47749999999996,295.825,104.65249999999997,1
413,2017-11,South Korea,Serbia,1,1,2,0,0,59.0,563.0,588.0,3.0,206.83,200.54,118.01,37.61,37.0,755.6,748.0,1.0,450.37,172.31,88.82,44.1,22.0,140.7475,188.9,-48.1525,1
414,2017-11,Russia,Spain,3,3,2,0,0,65.0,533.51,563.0,0.0,228.71,85.31,150.28,69.22,6.0,1230.83,1218.0,2.0,657.78,253.96,235.01,84.08,59.0,133.38,307.7075,-174.3275,1
415,2017-12,Japan,South Korea,1,4,2,0,1,57.0,599.57,623.0,-2.0,268.99,179.07,103.4,48.1,60.0,569.73,563.0,-1.0,213.57,200.54,118.01,37.61,-3.0,149.89000000000001,142.4325,7.45750000000001,0
416,2018-01,Denmark,Sweden,0,1,0,1,0,12.0,1098.82,1099.0,0.0,784.52,144.99,93.21,76.11,18.0,1000.44,998.0,0.0,659.74,151.28,138.74,50.68,-6.0,274.7075,250.10999999999999,24.597499999999997,0
417,2018-03,Denmark,Panama,1,0,2,0,0,12.0,1108.33,1099.0,0.0,784.52,144.99,93.21,85.62,53.0,605.12,604.0,0.0,311.24,171.81,87.56,34.51,-41.0,277.08500000000004,151.28,125.80500000000004,2
418,2018-03,France,Colombia,2,3,2,0,0,9.0,1185.16,1183.0,0.0,524.56,431.45,87.23,141.92,13.0,1105.82,1095.0,0.0,445.71,349.93,137.95,172.23,-4.0,296.29,276.455,19.835000000000036,0
419,2018-03,Germany,Spain,1,1,2,0,0,1.0,1609.01,1602.0,0.0,863.86,376.34,143.6,225.21,6.0,1228.0,1231.0,0.0,657.78,253.96,235.01,81.25,-5.0,402.2525,307.0,95.2525,1
420,2018-03,Mexico,Iceland,3,0,0,1,0,17.0,1038.2,1034.0,0.0,520.74,291.12,131.72,94.62,18.0,1026.4,1017.0,0.0,586.71,241.07,104.35,94.28,-1.0,259.55,256.6025,2.947499999999991,2
421,2018-03,Peru,Croatia,2,0,0,1,0,11.0,1128.12,1128.0,0.0,654.93,319.26,113.17,40.77,15.0,1052.6,1048.0,0.0,523.51,284.25,148.01,96.83,-4.0,282.03249999999997,263.15,18.882499999999993,2
422,2018-03,Poland,Nigeria,0,1,2,0,0,6.0,1228.07,1213.0,1.0,639.96,351.13,130.62,106.35,52.0,609.0,606.0,0.0,266.33,216.47,52.86,73.34,-46.0,307.015,152.25,154.765,0
423,2018-03,Portugal,Egypt,2,1,0,1,0,3.0,1360.45,1358.0,0.0,744.16,308.92,190.76,116.61,44.0,686.5,683.0,-1.0,270.62,296.91,81.64,37.33,-41.0,340.11249999999995,171.625,168.48749999999995,2
424,2018-03,Russia,Brazil,0,3,2,0,0,63.0,530.78,534.0,-2.0,228.71,85.31,150.28,66.49,2.0,1489.28,1484.0,0.0,720.93,428.18,175.41,164.76,61.0,132.6975,372.32,-239.6225,0
425,2018-03,Serbia,Morocco,1,2,0,1,0,34.0,779.88,784.0,0.0,486.88,164.54,88.82,39.64,42.0,693.74,692.0,0.0,362.8,226.25,73.58,31.11,-8.0,194.97,173.435,21.534999999999997,0
426,2018-03,Tunisia,Iran,1,0,2,0,0,23.0,919.96,914.0,0.0,530.04,226.84,51.61,111.48,33.0,791.89,790.0,0.0,405.04,234.07,82.73,70.05,-10.0,229.9925,197.9725,32.02000000000001,2
427,2018-03,Australia,Colombia,0,0,0,1,0,37.0,740.29,737.0,-1.0,426.07,180.29,76.06,57.88,13.0,1105.82,1095.0,0.0,445.71,349.93,137.95,172.23,24.0,185.07500000000002,276.455,-91.37999999999997,1
428,2018-03,Belgium,Saudi Arabia,4,0,2,0,0,5.0,1336.7,1325.0,0.0,626.0,300.0,229.48,181.21,69.0,493.79,522.0,-5.0,194.21,162.36,115.37,21.85,-64.0,334.1725,123.44750000000002,210.725,2
429,2018-03,Germany,Brazil,0,1,2,0,0,1.0,1609.01,1602.0,0.0,863.86,376.34,143.6,225.21,2.0,1489.28,1484.0,0.0,720.93,428.18,175.41,164.76,-1.0,402.2525,372.32,29.932500000000005,0
430,2018-03,Mexico,Croatia,0,1,0,1,0,17.0,1038.2,1034.0,0.0,520.74,291.12,131.72,94.62,15.0,1052.6,1048.0,0.0,523.51,284.25,148.01,96.83,2.0,259.55,263.15,-3.599999999999966,0
431,2018-03,Peru,Iceland,3,1,0,1,0,11.0,1128.12,1128.0,0.0,654.93,319.26,113.17,40.77,18.0,1026.4,1017.0,0.0,586.71,241.07,104.35,94.28,-7.0,282.03249999999997,256.6025,25.42999999999995,2
432,2018-03,Poland,South Korea,3,2,2,0,0,6.0,1228.07,1213.0,1.0,639.96,351.13,130.62,106.35,59.0,553.62,556.0,-1.0,201.76,200.54,84.74,66.58,-53.0,307.015,138.405,168.60999999999999,2
433,2018-03,Russia,France,1,3,2,0,0,63.0,530.78,534.0,-2.0,228.71,85.31,150.28,66.49,9.0,1185.16,1183.0,0.0,524.56,431.45,87.23,141.92,54.0,132.6975,296.29,-163.59250000000003,0
434,2018-03,Serbia,Nigeria,2,0,0,1,0,34.0,779.88,784.0,0.0,486.88,164.54,88.82,39.64,52.0,609.0,606.0,0.0,266.33,216.47,52.86,73.34,-18.0,194.97,152.25,42.72,2
435,2018-03,Spain,Argentina,6,1,2,0,0,6.0,1228.0,1231.0,0.0,657.78,253.96,235.01,81.25,4.0,1359.36,1348.0,0.0,510.42,451.62,198.8,198.53,2.0,307.0,339.8425,-32.84249999999997,2
436,2018-03,Switzerland,Panama,6,0,2,0,0,8.0,1196.61,1190.0,0.0,637.56,301.08,147.06,110.91,53.0,605.12,604.0,0.0,311.24,171.81,87.56,34.51,-45.0,299.1525,151.28,147.87249999999997,2
437,2018-03,Tunisia,Costa Rica,1,0,0,1,0,23.0,919.96,914.0,0.0,530.04,226.84,51.61,111.48,26.0,871.88,868.0,-1.0,393.52,265.06,69.79,143.52,-3.0,229.9925,217.97249999999997,12.020000000000039,2
438,2018-05,Portugal,Tunisia,2,2,2,0,0,4.0,1306.35,1306.0,0.0,687.22,329.23,172.94,116.95,14.0,1012.15,1012.0,0.0,654.26,194.47,66.45,96.97,-10.0,326.58500000000004,253.03750000000002,73.54750000000001,1
439,2018-06,Colombia,Egypt,0,0,0,1,0,16.0,985.97,989.0,0.0,292.09,327.78,199.73,166.38,45.0,649.43,636.0,1.0,208.27,291.04,99.48,50.64,-29.0,246.49499999999998,162.35750000000002,84.13749999999996,1
440,2018-06,England,Nigeria,2,1,2,0,0,12.0,1050.84,1040.0,1.0,476.42,296.75,174.15,103.52,48.0,617.79,635.0,-1.0,251.21,237.11,59.46,70.0,-36.0,262.71000000000004,154.44500000000002,108.26500000000001,2
441,2018-06,Sweden,Denmark,0,0,2,0,0,24.0,879.9,889.0,-1.0,478.44,215.99,111.03,74.44,12.0,1051.44,1054.0,0.0,723.72,157.44,90.07,80.21,12.0,219.97500000000002,262.86,-42.88499999999999,1
442,2018-06,Belgium,Portugal,0,0,2,0,0,3.0,1298.32,1346.0,0.0,629.98,322.82,158.94,186.58,4.0,1273.69,1306.0,0.0,646.92,345.91,155.33,125.53,-1.0,324.58,318.42249999999996,6.157500000000027,1
443,2018-06,Saudi Arabia,Peru,0,3,0,1,0,67.0,465.28,462.0,0.0,143.89,180.1,114.27,27.02,11.0,1125.39,1106.0,0.0,560.36,394.05,126.58,44.4,56.0,116.32,281.3475,-165.02750000000003,0
444,2018-06,Spain,Switzerland,1,1,2,0,0,10.0,1125.5,1162.0,-2.0,537.05,305.74,193.92,88.8,6.0,1198.72,1179.0,0.0,578.59,404.29,101.43,114.42,4.0,281.3775,299.68250000000006,-18.305000000000064,1
445,2018-06,Croatia,Brazil,0,2,0,1,0,20.0,945.18,975.0,-2.0,397.75,336.39,100.79,110.25,2.0,1430.57,1384.0,0.0,558.95,541.18,168.06,162.38,18.0,236.295,357.64250000000004,-121.34750000000005,0
446,2018-06,Belgium,Egypt,3,0,2,0,0,3.0,1298.32,1346.0,0.0,629.98,322.82,158.94,186.58,45.0,649.43,636.0,1.0,208.27,291.04,99.48,50.64,-42.0,324.58,162.35750000000002,162.22249999999997,2
447,2018-06,England,Costa Rica,2,0,2,0,0,12.0,1050.84,1040.0,1.0,476.42,296.75,174.15,103.52,23.0,884.04,858.0,2.0,410.9,240.29,99.73,133.11,-11.0,262.71000000000004,221.0075,41.70250000000004,2
448,2018-06,Germany,Saudi Arabia,2,1,2,0,0,1.0,1558.49,1544.0,0.0,775.06,416.0,127.28,240.15,67.0,465.28,462.0,0.0,143.89,180.1,114.27,27.02,-66.0,389.6225,116.32,273.3025,2
449,2018-06,Croatia,Senegal,2,1,2,0,0,20.0,945.18,975.0,-2.0,397.75,336.39,100.79,110.25,27.0,837.98,825.0,1.0,368.23,268.67,84.09,116.99,-7.0,236.295,209.49500000000003,26.799999999999955,2
450,2018-06,Switzerland,Japan,2,0,2,0,0,6.0,1198.72,1179.0,0.0,578.59,404.29,101.43,114.42,61.0,520.75,528.0,-1.0,164.51,206.5,81.97,67.78,-55.0,299.68250000000006,130.19,169.49250000000006,2
451,2018-06,Denmark,Mexico,2,0,2,0,0,12.0,1051.44,1054.0,0.0,723.72,157.44,90.07,80.21,15.0,989.44,1008.0,0.0,470.55,253.39,173.99,91.51,-3.0,262.86,247.36,15.5,2
452,2018-06,Sweden,Peru,0,0,2,0,0,24.0,879.9,889.0,-1.0,478.44,215.99,111.03,74.44,11.0,1125.39,1106.0,0.0,560.36,394.05,126.58,44.4,13.0,219.97500000000002,281.3475,-61.3725,1
453,2018-06,Tunisia,Spain,1,0,0,1,0,21.0,909.91,1012.0,-7.0,545.56,197.39,68.28,98.68,10.0,1125.5,1162.0,-2.0,537.05,305.74,193.92,88.8,11.0,227.47749999999996,281.3775,-53.900000000000034,2
454,2018-06,South Korea,Senegal,0,2,0,1,0,57.0,543.67,520.0,4.0,162.13,223.79,91.79,65.96,27.0,837.98,825.0,1.0,368.23,268.67,84.09,116.99,30.0,135.9175,209.49500000000003,-73.57750000000004,0
455,2018-06,Belgium,Costa Rica,4,1,2,0,0,3.0,1298.32,1346.0,0.0,629.98,322.82,158.94,186.58,23.0,884.04,858.0,2.0,410.9,240.29,99.73,133.11,-20.0,324.58,221.0075,103.57249999999999,2
